,날짜,종가,전일비,시가,고가,저가,거래량
0,2024.04.17,4090.0,175.0,4195.0,4210.0,4090.0,11510.0
1,2024.04.16,4265.0,35.0,4280.0,4280.0,4115.0,10389.0
2,2024.04.15,4300.0,85.0,4330.0,4330.0,4200.0,47811.0
3,2024.04.12,4385.0,295.0,4100.0,5080.0,4030.0,686769.0
4,2024.04.11,4090.0,90.0,4015.0,4090.0,4005.0,2081.0
5,2024.04.09,4000.0,25.0,4050.0,4090.0,4000.0,6073.0
6,2024.04.08,4025.0,135.0,4160.0,4160.0,4020.0,5516.0
7,2024.04.05,4160.0,15.0,4180.0,4235.0,4130.0,3697.0
8,2024.04.04,4175.0,5.0,4445.0,4445.0,4170.0,5774.0
9,2024.04.03,4180.0,60.0,4200.0,4325.0,4130.0,5701.0
10,2024.04.02,4240.0,85.0,4320.0,4395.0,4170.0,7590.0
11,2024.04.01,4325.0,60.0,4265.0,4460.0,4260.0,3511.0
12,2024.03.29,4265.0,80.0,4310.0,4340.0,4265.0,912.0
13,2024.03.28,4345.0,30.0,4345.0,4375.0,4270.0,3530.0
14,2024.03.27,4375.0,5.0,4370.0,4380.0,4280.0,3761.0
15,2024.03.26,4380.0,30.0,4360.0,4410.0,4315.0,3192.0
16,2024.03.25,4410.0,30.0,4380.0,4420.0,4345.0,1062.0
17,2024.03.22,4380.0,30.0,4355.0,4415.0,4285.0,796.0
18,2024.03.21,4350.0,110.0,4260.0,4380.0,4235.0,2901.0
19,2024.03.20,4240.0,70.0,4305.0,4305.0,4135.0,7882.0
20,2024.03.19,4310.0,110.0,4135.0,4540.0,4135.0,8112.0
21,2024.03.18,4200.0,175.0,4375.0,4395.0,4200.0,5275.0
22,2024.03.15,4375.0,145.0,4230.0,4385.0,4230.0,2729.0
23,2024.03.14,4230.0,70.0,4250.0,4345.0,4090.0,13207.0
24,2024.03.13,4300.0,80.0,4320.0,4375.0,4270.0,5629.0
25,2024.03.12,4380.0,60.0,4440.0,4485.0,4255.0,14268.0
26,2024.03.11,4440.0,20.0,4420.0,4500.0,4370.0,3607.0
27,2024.03.08,4420.0,245.0,4595.0,4660.0,4420.0,8537.0
28,2024.03.07,4665.0,165.0,4505.0,4695.0,4500.0,1753.0
29,2024.03.06,4500.0,10.0,4490.0,4500.0,4445.0,1680.0
30,2024.03.05,4490.0,80.0,4580.0,4590.0,4490.0,8397.0
31,2024.03.04,4570.0,15.0,4610.0,4610.0,4520.0,3080.0
32,2024.02.29,4585.0,40.0,4545.0,4590.0,4510.0,670.0
33,2024.02.28,4545.0,5.0,4550.0,4590.0,4510.0,2908.0
34,2024.02.27,4550.0,0.0,4550.0,4575.0,4520.0,1929.0
35,2024.02.26,4550.0,120.0,4670.0,4670.0,4515.0,6193.0
36,2024.02.23,4670.0,50.0,4620.0,4760.0,4600.0,2542.0
37,2024.02.22,4620.0,0.0,4625.0,4800.0,4555.0,7738.0
38,2024.02.21,4620.0,170.0,4800.0,4800.0,4515.0,39412.0
39,2024.02.20,4790.0,0.0,4790.0,4800.0,4700.0,1653.0
40,2024.02.19,4790.0,20.0,4770.0,4800.0,4750.0,874.0
41,2024.02.16,4770.0,40.0,4730.0,4800.0,4650.0,3152.0
42,2024.02.15,4730.0,60.0,4725.0,4785.0,4700.0,3834.0
43,2024.02.14,4790.0,120.0,4690.0,4800.0,4655.0,1034.0
44,2024.02.13,4670.0,15.0,4655.0,4705.0,4615.0,5049.0
45,2024.02.08,4655.0,115.0,4770.0,4770.0,4575.0,7273.0
46,2024.02.07,4770.0,85.0,4685.0,4930.0,4680.0,2679.0
47,2024.02.06,4685.0,15.0,4660.0,4915.0,4645.0,5298.0
48,2024.02.05,4700.0,5.0,4715.0,4735.0,4695.0,3828.0
49,2024.02.02,4695.0,35.0,4740.0,4750.0,4690.0,3387.0
50,2024.02.01,4730.0,20.0,4715.0,4760.0,4685.0,6348.0
51,2024.01.31,4710.0,40.0,4705.0,4775.0,4705.0,3153.0
52,2024.01.30,4750.0,15.0,4825.0,4825.0,4750.0,1111.0
53,2024.01.29,4765.0,50.0,4785.0,4940.0,4765.0,1729.0
54,2024.01.26,4815.0,0.0,4785.0,4840.0,4785.0,739.0
55,2024.01.25,4815.0,20.0,4825.0,4835.0,4795.0,2013.0
56,2024.01.24,4835.0,65.0,4850.0,4900.0,4835.0,1378.0
57,2024.01.23,4900.0,40.0,4940.0,4990.0,4865.0,2470.0
58,2024.01.22,4940.0,45.0,4825.0,4985.0,4825.0,726.0
59,2024.01.19,4895.0,45.0,4900.0,4940.0,4890.0,1062.0
60,2024.01.18,4940.0,90.0,4850.0,4995.0,4780.0,1579.0
61,2024.01.17,4850.0,10.0,4840.0,4855.0,4760.0,5136.0
62,2024.01.16,4840.0,60.0,4900.0,4910.0,4835.0,805.0
63,2024.01.15,4900.0,40.0,4885.0,4945.0,4830.0,2351.0
64,2024.01.12,4940.0,15.0,4925.0,4940.0,4840.0,266.0
65,2024.01.11,4925.0,15.0,4910.0,4940.0,4810.0,7039.0
66,2024.01.10,4910.0,70.0,4905.0,5100.0,4875.0,6964.0
67,2024.01.09,4980.0,90.0,4860.0,5090.0,4860.0,1084.0
68,2024.01.08,4890.0,40.0,4900.0,4950.0,4885.0,1173.0
69,2024.01.05,4930.0,5.0,5070.0,5070.0,4855.0,7982.0
70,2024.01.04,4925.0,15.0,4990.0,5000.0,4765.0,4977.0
71,2024.01.03,4910.0,55.0,5050.0,5050.0,4800.0,12533.0
72,2024.01.02,4965.0,15.0,4970.0,5100.0,4910.0,5279.0
73,2023.12.28,4950.0,40.0,5080.0,5080.0,4830.0,5052.0
74,2023.12.27,4990.0,10.0,4950.0,5100.0,4940.0,1036.0
75,2023.12.26,5000.0,0.0,5050.0,5050.0,4980.0,755.0
76,2023.12.22,5000.0,5.0,4985.0,5070.0,4910.0,9162.0
77,2023.12.21,4995.0,5.0,5040.0,5040.0,4925.0,1696.0
78,2023.12.20,4990.0,10.0,5010.0,5280.0,4990.0,7908.0
79,2023.12.19,5000.0,10.0,4990.0,5130.0,4990.0,13290.0
80,2023.12.18,4990.0,20.0,5010.0,5060.0,4910.0,3767.0
81,2023.12.15,5010.0,10.0,5020.0,5020.0,4900.0,9533.0
82,2023.12.14,5000.0,15.0,4985.0,5080.0,4970.0,4641.0
83,2023.12.13,4985.0,45.0,4980.0,5040.0,4940.0,21694.0
84,2023.12.12,4940.0,45.0,4945.0,5110.0,4850.0,5397.0
85,2023.12.11,4895.0,0.0,4945.0,5000.0,4850.0,3955.0
86,2023.12.08,4895.0,110.0,4785.0,4925.0,4780.0,13822.0
87,2023.12.07,4785.0,35.0,4820.0,4865.0,4605.0,6340.0
88,2023.12.06,4820.0,210.0,4985.0,4985.0,4700.0,66315.0
89,2023.12.05,5030.0,30.0,5050.0,5050.0,4975.0,2872.0
90,2023.12.04,5000.0,50.0,4950.0,5100.0,4950.0,2843.0
91,2023.12.01,4950.0,90.0,5090.0,5090.0,4905.0,3568.0
92,2023.11.30,5040.0,0.0,5040.0,5090.0,4980.0,2491.0
93,2023.11.29,5040.0,40.0,5000.0,5060.0,4955.0,2220.0
94,2023.11.28,5000.0,10.0,4965.0,5060.0,4935.0,669.0
95,2023.11.27,5010.0,20.0,5000.0,5030.0,4985.0,674.0
96,2023.11.24,5030.0,60.0,4970.0,5040.0,4960.0,2507.0
97,2023.11.23,4970.0,5.0,4955.0,4975.0,4940.0,792.0
98,2023.11.22,4975.0,20.0,5010.0,5010.0,4955.0,8289.0
99,2023.11.21,4995.0,85.0,4905.0,5040.0,4905.0,1439.0
100,2023.11.20,4910.0,35.0,4875.0,4970.0,4875.0,4493.0
101,2023.11.17,4875.0,10.0,4810.0,4965.0,4810.0,1203.0
102,2023.11.16,4885.0,30.0,4915.0,5030.0,4845.0,2462.0
103,2023.11.15,4915.0,95.0,4970.0,5060.0,4905.0,2811.0
104,2023.11.14,5010.0,80.0,4950.0,5050.0,4835.0,1716.0
105,2023.11.13,4930.0,40.0,4890.0,5100.0,4850.0,2568.0
106,2023.11.10,4890.0,35.0,4925.0,4975.0,4880.0,2156.0
107,2023.11.09,4925.0,105.0,5020.0,5030.0,4800.0,13137.0
108,2023.11.08,5030.0,50.0,5090.0,5090.0,4990.0,2896.0
109,2023.11.07,4980.0,345.0,4700.0,5070.0,4635.0,65156.0
110,2023.11.06,4635.0,45.0,4680.0,4940.0,4635.0,8350.0
111,2023.11.03,4680.0,0.0,4705.0,4780.0,4680.0,3307.0
112,2023.11.02,4680.0,80.0,4760.0,4760.0,4570.0,12745.0
113,2023.11.01,4760.0,45.0,4670.0,4845.0,4670.0,3999.0
114,2023.10.31,4715.0,25.0,4690.0,4920.0,4690.0,2657.0
115,2023.10.30,4690.0,5.0,4690.0,4935.0,4685.0,4624.0
116,2023.10.27,4685.0,115.0,4800.0,4900.0,4520.0,4926.0
117,2023.10.26,4800.0,120.0,4895.0,4970.0,4800.0,4645.0
118,2023.10.25,4920.0,0.0,4920.0,4980.0,4860.0,732.0
119,2023.10.24,4920.0,150.0,4760.0,4985.0,4650.0,10633.0
120,2023.10.23,4770.0,25.0,4635.0,4830.0,4630.0,1169.0
121,2023.10.20,4745.0,10.0,4705.0,4755.0,4610.0,8417.0
122,2023.10.19,4755.0,120.0,4800.0,4850.0,4755.0,15846.0
123,2023.10.18,4875.0,0.0,4875.0,5030.0,4835.0,10827.0
124,2023.10.17,4875.0,110.0,4980.0,4980.0,4875.0,5685.0
125,2023.10.16,4985.0,35.0,4960.0,5100.0,4860.0,5017.0
126,2023.10.13,4950.0,45.0,4905.0,5040.0,4905.0,4150.0
127,2023.10.12,4905.0,15.0,4890.0,4905.0,4860.0,9723.0
128,2023.10.11,4890.0,40.0,4930.0,4930.0,4815.0,4553.0
129,2023.10.10,4930.0,70.0,5000.0,5080.0,4915.0,8133.0
130,2023.10.06,5000.0,140.0,5130.0,5130.0,4880.0,66110.0
131,2023.10.05,5140.0,70.0,5070.0,5140.0,4910.0,17680.0
132,2023.10.04,5070.0,30.0,5500.0,5510.0,5030.0,197309.0
133,2023.09.27,5100.0,110.0,5050.0,5130.0,4990.0,18999.0
134,2023.09.26,4990.0,90.0,5080.0,5150.0,4990.0,6886.0
135,2023.09.25,5080.0,60.0,5020.0,5110.0,4985.0,4307.0
136,2023.09.22,5020.0,130.0,5100.0,5110.0,5010.0,1617.0
137,2023.09.21,5150.0,20.0,5120.0,5150.0,4980.0,4221.0
138,2023.09.20,5130.0,120.0,5010.0,5130.0,4950.0,2052.0
139,2023.09.19,5010.0,140.0,5180.0,5180.0,5000.0,6485.0
140,2023.09.18,5150.0,50.0,5070.0,5180.0,5060.0,2249.0
141,2023.09.15,5100.0,50.0,5070.0,5140.0,5000.0,4674.0
142,2023.09.14,5050.0,10.0,5010.0,5060.0,4990.0,2199.0
143,2023.09.13,5060.0,10.0,5030.0,5070.0,4995.0,2471.0
144,2023.09.12,5050.0,40.0,5010.0,5170.0,5000.0,7301.0
145,2023.09.11,5010.0,70.0,5160.0,5160.0,5010.0,3548.0
146,2023.09.08,5080.0,100.0,5180.0,5380.0,5080.0,13527.0
147,2023.09.07,5180.0,10.0,5240.0,5240.0,5130.0,3972.0
148,2023.09.06,5170.0,170.0,5000.0,5180.0,4950.0,49488.0
149,2023.09.05,5000.0,35.0,5000.0,5020.0,4965.0,2463.0
150,2023.09.04,4965.0,105.0,5070.0,5180.0,4900.0,7432.0
151,2023.09.01,5070.0,50.0,4970.0,5080.0,4940.0,5770.0
152,2023.08.31,5020.0,10.0,4980.0,5100.0,4930.0,4901.0
153,2023.08.30,5030.0,30.0,4950.0,5050.0,4950.0,1570.0
154,2023.08.29,5000.0,65.0,4945.0,5000.0,4935.0,1634.0
155,2023.08.28,4935.0,65.0,5000.0,5050.0,4860.0,8898.0
156,2023.08.25,5000.0,90.0,5000.0,5080.0,5000.0,1306.0
157,2023.08.24,5090.0,20.0,5040.0,5110.0,4985.0,6004.0
158,2023.08.23,5110.0,70.0,5130.0,5180.0,4990.0,7572.0
159,2023.08.22,5180.0,10.0,5170.0,5180.0,5080.0,2430.0
160,2023.08.21,5170.0,30.0,5080.0,5290.0,5040.0,9978.0
161,2023.08.18,5200.0,50.0,5170.0,5220.0,5040.0,17858.0
162,2023.08.17,5250.0,50.0,5200.0,5310.0,4950.0,12745.0
163,2023.08.16,5200.0,40.0,4965.0,5250.0,4925.0,11399.0
164,2023.08.14,5160.0,200.0,4960.0,5300.0,4900.0,228621.0
165,2023.08.11,4960.0,80.0,5000.0,5050.0,4920.0,2408.0
166,2023.08.10,5040.0,75.0,4990.0,5040.0,4970.0,2221.0
167,2023.08.09,4965.0,115.0,4845.0,5180.0,4800.0,25880.0
168,2023.08.08,4850.0,140.0,4965.0,4990.0,4820.0,6513.0
169,2023.08.07,4990.0,110.0,5040.0,5350.0,4800.0,4095.0
170,2023.08.04,5100.0,165.0,4785.0,5100.0,4655.0,5917.0
171,2023.08.03,4935.0,65.0,4950.0,5000.0,4855.0,2238.0
172,2023.08.02,5000.0,10.0,4960.0,5040.0,4930.0,3694.0
173,2023.08.01,4990.0,230.0,5000.0,5020.0,4880.0,3779.0
174,2023.07.31,4760.0,0.0,4760.0,5140.0,4740.0,29809.0
175,2023.07.28,4760.0,60.0,4655.0,4820.0,4525.0,2808.0
176,2023.07.27,4700.0,55.0,4685.0,4735.0,4650.0,4729.0
177,2023.07.26,4755.0,45.0,4750.0,4760.0,4610.0,8548.0
178,2023.07.25,4800.0,55.0,4855.0,4900.0,4800.0,4137.0
179,2023.07.24,4855.0,15.0,4820.0,4895.0,4800.0,17591.0
180,2023.07.21,4870.0,35.0,4855.0,4905.0,4800.0,3942.0
181,2023.07.20,4905.0,65.0,4840.0,4910.0,4800.0,3022.0
182,2023.07.19,4840.0,40.0,4805.0,4995.0,4770.0,3155.0
183,2023.07.18,4800.0,55.0,4735.0,4835.0,4735.0,7201.0
184,2023.07.17,4745.0,165.0,4935.0,4935.0,4670.0,14564.0
185,2023.07.14,4910.0,120.0,5030.0,5050.0,4910.0,5124.0
186,2023.07.13,5030.0,260.0,5290.0,5290.0,5000.0,23155.0
187,2023.07.12,5290.0,10.0,5300.0,5330.0,5200.0,6316.0
188,2023.07.11,5280.0,280.0,4950.0,5300.0,4950.0,14832.0
189,2023.07.10,5000.0,200.0,4755.0,5220.0,4620.0,22665.0
190,2023.07.07,4800.0,220.0,4980.0,4980.0,4790.0,15122.0
191,2023.07.06,5020.0,160.0,5180.0,5400.0,5020.0,5629.0
192,2023.07.05,5180.0,80.0,5350.0,5350.0,5100.0,19044.0
193,2023.07.04,5260.0,305.0,4950.0,5300.0,4950.0,34281.0
194,2023.07.03,4955.0,115.0,4865.0,5000.0,4865.0,8302.0
195,2023.06.30,4840.0,30.0,4820.0,4895.0,4820.0,1322.0
196,2023.06.29,4810.0,0.0,4790.0,5100.0,4785.0,2721.0
197,2023.06.28,4810.0,25.0,4835.0,4835.0,4715.0,5203.0
198,2023.06.27,4835.0,120.0,4990.0,5150.0,4835.0,10248.0
199,2023.06.26,4955.0,25.0,4980.0,5070.0,4950.0,3296.0
200,2023.06.23,4980.0,5.0,4990.0,5040.0,4940.0,6347.0
201,2023.06.22,4985.0,25.0,4995.0,5020.0,4955.0,10473.0
202,2023.06.21,5010.0,110.0,5120.0,5120.0,5010.0,2953.0
203,2023.06.20,5120.0,40.0,5170.0,5170.0,5090.0,3428.0
204,2023.06.19,5160.0,20.0,5180.0,5240.0,5150.0,3062.0
205,2023.06.16,5180.0,50.0,5130.0,5180.0,5090.0,5723.0
206,2023.06.15,5130.0,140.0,5240.0,5240.0,5110.0,39404.0
207,2023.06.14,5270.0,50.0,5330.0,5330.0,5230.0,4291.0
208,2023.06.13,5320.0,70.0,5380.0,5380.0,5240.0,7865.0
209,2023.06.12,5390.0,80.0,5310.0,5450.0,5220.0,4462.0
210,2023.06.09,5310.0,0.0,5390.0,5440.0,5210.0,12074.0
211,2023.06.08,5310.0,30.0,5280.0,6000.0,5220.0,138760.0
212,2023.06.07,5280.0,10.0,5290.0,5380.0,5150.0,8864.0
213,2023.06.05,5290.0,0.0,5290.0,5300.0,5200.0,4300.0
214,2023.06.02,5290.0,110.0,5400.0,5410.0,5210.0,12676.0
215,2023.06.01,5400.0,150.0,5550.0,5560.0,5400.0,7201.0
216,2023.05.31,5550.0,10.0,5570.0,5730.0,5510.0,4060.0
217,2023.05.30,5560.0,40.0,5520.0,5690.0,5460.0,7362.0
218,2023.05.26,5520.0,260.0,5330.0,5530.0,5260.0,8568.0
219,2023.05.25,5260.0,20.0,5270.0,5340.0,5200.0,4413.0
220,2023.05.24,5280.0,120.0,5400.0,5500.0,5160.0,15729.0
221,2023.05.23,5400.0,70.0,5450.0,5450.0,5340.0,2795.0
222,2023.05.22,5470.0,10.0,5460.0,5490.0,5340.0,3079.0
223,2023.05.19,5460.0,10.0,5470.0,5540.0,5410.0,12125.0
224,2023.05.18,5470.0,0.0,5470.0,5520.0,5310.0,8969.0
225,2023.05.17,5470.0,210.0,5730.0,5750.0,5150.0,85712.0
226,2023.05.16,5260.0,10.0,5260.0,5300.0,5180.0,7825.0
227,2023.05.15,5250.0,40.0,5300.0,5300.0,5100.0,18773.0
228,2023.05.12,5290.0,30.0,5330.0,5420.0,5210.0,33580.0
229,2023.05.11,5320.0,120.0,5430.0,5740.0,5320.0,12843.0
230,2023.05.10,5440.0,150.0,5600.0,5630.0,5440.0,3470.0
231,2023.05.09,5590.0,190.0,5400.0,5590.0,5280.0,9378.0
232,2023.05.08,5400.0,150.0,5550.0,5630.0,5400.0,11630.0
233,2023.05.04,5550.0,290.0,5820.0,5820.0,5520.0,17546.0
234,2023.05.03,5840.0,60.0,5760.0,6080.0,5620.0,45877.0
235,2023.05.02,5780.0,480.0,5300.0,5810.0,5250.0,46574.0
236,2023.04.28,5300.0,20.0,5280.0,5440.0,5150.0,17991.0
237,2023.04.27,5280.0,360.0,5550.0,5610.0,5230.0,31731.0
238,2023.04.26,5640.0,320.0,5890.0,5960.0,5640.0,10602.0
239,2023.04.25,5960.0,170.0,5780.0,5980.0,5600.0,8012.0
240,2023.04.24,5790.0,60.0,5850.0,6000.0,5700.0,14204.0
241,2023.04.21,5850.0,190.0,5960.0,6190.0,5750.0,31628.0
242,2023.04.20,6040.0,100.0,5940.0,6080.0,5840.0,43363.0
243,2023.04.19,5940.0,270.0,6210.0,6220.0,5820.0,118411.0
244,2023.04.18,6210.0,210.0,6000.0,6400.0,6000.0,108339.0
245,2023.04.17,6000.0,310.0,5640.0,6020.0,5500.0,131437.0
246,2023.04.14,5690.0,140.0,5550.0,5690.0,5400.0,7162.0
247,2023.04.13,5550.0,200.0,5700.0,5710.0,5400.0,30067.0
248,2023.04.12,5750.0,270.0,5420.0,5760.0,5420.0,68432.0
249,2023.04.11,5480.0,70.0,5390.0,5510.0,5260.0,19322.0
250,2023.04.10,5410.0,60.0,5310.0,5490.0,5260.0,7693.0
251,2023.04.07,5350.0,120.0,5230.0,5400.0,5230.0,16666.0
252,2023.04.06,5230.0,30.0,5170.0,5230.0,5070.0,15953.0
253,2023.04.05,5200.0,30.0,5180.0,5280.0,5040.0,23467.0
254,2023.04.04,5230.0,10.0,5230.0,5260.0,5200.0,4795.0
255,2023.04.03,5240.0,110.0,5340.0,5400.0,5130.0,49204.0
256,2023.03.31,5350.0,300.0,5650.0,5690.0,5250.0,47098.0
257,2023.03.30,5650.0,60.0,5590.0,5710.0,5560.0,21586.0
258,2023.03.29,5590.0,10.0,5600.0,5730.0,5450.0,37373.0
259,2023.03.28,5600.0,40.0,5640.0,5750.0,5530.0,41621.0
260,2023.03.27,5640.0,200.0,5440.0,5680.0,5380.0,21745.0
261,2023.03.24,5440.0,120.0,5250.0,5460.0,5210.0,13571.0
262,2023.03.23,5320.0,110.0,5450.0,5450.0,5160.0,27517.0
263,2023.03.22,5430.0,140.0,5290.0,5450.0,5240.0,23538.0
264,2023.03.21,5290.0,140.0,5150.0,5600.0,5120.0,73958.0
265,2023.03.20,5150.0,205.0,4920.0,5150.0,4875.0,235073.0
266,2023.03.17,4945.0,190.0,4850.0,4950.0,4745.0,18229.0
267,2023.03.16,4755.0,130.0,4885.0,4885.0,4690.0,16026.0
268,2023.03.15,4885.0,115.0,5000.0,5040.0,4880.0,11323.0
269,2023.03.14,5000.0,25.0,4950.0,5000.0,4840.0,9131.0
270,2023.03.13,4975.0,55.0,5000.0,5000.0,4750.0,15158.0
271,2023.03.10,5030.0,10.0,5020.0,5250.0,4980.0,43184.0
272,2023.03.09,5020.0,40.0,4970.0,5020.0,4915.0,12566.0
273,2023.03.08,4980.0,50.0,4980.0,5030.0,4880.0,7863.0
274,2023.03.07,5030.0,70.0,4935.0,5100.0,4875.0,13939.0
275,2023.03.06,4960.0,115.0,4890.0,4965.0,4860.0,17724.0
276,2023.03.03,4845.0,80.0,4765.0,4920.0,4765.0,25629.0
277,2023.03.02,4765.0,50.0,4710.0,4975.0,4685.0,9969.0
278,2023.02.28,4715.0,60.0,4775.0,4775.0,4650.0,13112.0
279,2023.02.27,4775.0,90.0,4865.0,4865.0,4735.0,4782.0
280,2023.02.24,4865.0,10.0,4875.0,4970.0,4810.0,22305.0
281,2023.02.23,4875.0,215.0,5060.0,5090.0,4695.0,68705.0
282,2023.02.22,5090.0,40.0,5010.0,5090.0,4970.0,9296.0
283,2023.02.21,5050.0,50.0,5090.0,5090.0,4995.0,6852.0
284,2023.02.20,5100.0,90.0,5010.0,5100.0,4935.0,9578.0
285,2023.02.17,5010.0,230.0,4780.0,5020.0,4710.0,33619.0
286,2023.02.16,4780.0,75.0,4680.0,4780.0,4575.0,16683.0
287,2023.02.15,4705.0,10.0,4740.0,4755.0,4600.0,13350.0
288,2023.02.14,4715.0,30.0,4695.0,4755.0,4675.0,10644.0
289,2023.02.13,4745.0,30.0,4745.0,4815.0,4695.0,7144.0
290,2023.02.10,4775.0,125.0,4865.0,4900.0,4765.0,312811.0
291,2023.02.09,4900.0,120.0,4775.0,4915.0,4770.0,8478.0
292,2023.02.08,4780.0,125.0,4865.0,4885.0,4685.0,28973.0
293,2023.02.07,4905.0,25.0,4845.0,4935.0,4830.0,17271.0
294,2023.02.06,4880.0,35.0,4910.0,4915.0,4810.0,30244.0
295,2023.02.03,4915.0,185.0,5150.0,5260.0,4895.0,80741.0
296,2023.02.02,5100.0,455.0,4700.0,5490.0,4655.0,704162.0
297,2023.02.01,4645.0,205.0,4440.0,4650.0,4410.0,33371.0
298,2023.01.31,4440.0,70.0,4370.0,4510.0,4365.0,15318.0
299,2023.01.30,4370.0,50.0,4330.0,4405.0,4310.0,11341.0
300,2023.01.27,4320.0,30.0,4290.0,4350.0,4290.0,8395.0
301,2023.01.26,4290.0,45.0,4245.0,4295.0,4215.0,3020.0
302,2023.01.25,4245.0,45.0,4165.0,4255.0,4160.0,10107.0
303,2023.01.20,4200.0,20.0,4305.0,4305.0,4195.0,2222.0
304,2023.01.19,4220.0,175.0,4025.0,4300.0,4015.0,12890.0
305,2023.01.18,4045.0,70.0,4110.0,4110.0,4030.0,3875.0
306,2023.01.17,4115.0,5.0,4080.0,4120.0,4080.0,2801.0
307,2023.01.16,4120.0,50.0,4150.0,4150.0,4060.0,5127.0
308,2023.01.13,4170.0,25.0,4160.0,4190.0,4130.0,2553.0
309,2023.01.12,4195.0,70.0,4125.0,4300.0,4085.0,2097.0
310,2023.01.11,4125.0,70.0,4075.0,4195.0,4060.0,5402.0
311,2023.01.10,4055.0,35.0,4070.0,4180.0,4055.0,11346.0
312,2023.01.09,4090.0,80.0,4010.0,4140.0,3975.0,7774.0
313,2023.01.06,4010.0,60.0,3950.0,4055.0,3910.0,6328.0
314,2023.01.05,3950.0,10.0,4000.0,4080.0,3935.0,6783.0
315,2023.01.04,3960.0,20.0,3920.0,3980.0,3880.0,4108.0
316,2023.01.03,3940.0,25.0,3950.0,3950.0,3800.0,4700.0
317,2023.01.02,3965.0,70.0,3900.0,3975.0,3895.0,4971.0
318,2022.12.29,3895.0,165.0,4020.0,4060.0,3860.0,4234.0
319,2022.12.28,4060.0,0.0,4060.0,4080.0,4040.0,1839.0
320,2022.12.27,4060.0,140.0,3920.0,4080.0,3920.0,36752.0
321,2022.12.26,3920.0,10.0,3890.0,3920.0,3820.0,2175.0
322,2022.12.23,3930.0,60.0,3990.0,4015.0,3930.0,3351.0
323,2022.12.22,3990.0,25.0,3965.0,3990.0,3945.0,3755.0
324,2022.12.21,3965.0,25.0,3915.0,3990.0,3900.0,5434.0
325,2022.12.20,3990.0,0.0,3950.0,3990.0,3930.0,1897.0
326,2022.12.19,3990.0,70.0,4050.0,4050.0,3960.0,3704.0
327,2022.12.16,4060.0,60.0,3995.0,4100.0,3980.0,5596.0
328,2022.12.15,4000.0,20.0,4090.0,4090.0,3970.0,15349.0
329,2022.12.14,4020.0,15.0,3985.0,4045.0,3985.0,3699.0
330,2022.12.13,4005.0,50.0,4015.0,4025.0,3985.0,3388.0
331,2022.12.12,4055.0,5.0,4085.0,4085.0,4000.0,7343.0
332,2022.12.09,4050.0,35.0,3975.0,4050.0,3975.0,2381.0
333,2022.12.08,4015.0,0.0,3970.0,4085.0,3970.0,7452.0
334,2022.12.07,4015.0,0.0,3975.0,4015.0,3875.0,5704.0
335,2022.12.06,4015.0,45.0,4060.0,4090.0,4015.0,7506.0
336,2022.12.05,4060.0,20.0,4000.0,4340.0,4000.0,22803.0
337,2022.12.02,4040.0,15.0,4055.0,4100.0,4040.0,13309.0
338,2022.12.01,4055.0,30.0,4030.0,4090.0,4020.0,20656.0
339,2022.11.30,4025.0,85.0,3945.0,4030.0,3940.0,2843.0
340,2022.11.29,3940.0,20.0,3920.0,3940.0,3910.0,4483.0
341,2022.11.28,3920.0,40.0,3960.0,4060.0,3920.0,6627.0
342,2022.11.25,3960.0,35.0,3990.0,4035.0,3960.0,3039.0
343,2022.11.24,3995.0,15.0,3975.0,4000.0,3945.0,5737.0
344,2022.11.23,3980.0,125.0,3860.0,3980.0,3855.0,10576.0
345,2022.11.22,3855.0,75.0,3890.0,3915.0,3825.0,14490.0
346,2022.11.21,3930.0,5.0,3925.0,3970.0,3885.0,8236.0
347,2022.11.18,3925.0,60.0,3970.0,3985.0,3870.0,14201.0
348,2022.11.17,3985.0,45.0,3990.0,4020.0,3955.0,4770.0
349,2022.11.16,4030.0,55.0,4085.0,4105.0,3970.0,20286.0
350,2022.11.15,4085.0,95.0,4180.0,4180.0,4085.0,11454.0
351,2022.11.14,4180.0,30.0,4245.0,4250.0,4160.0,6552.0
352,2022.11.11,4210.0,90.0,4155.0,4250.0,4155.0,9046.0
353,2022.11.10,4120.0,75.0,4195.0,4255.0,4120.0,4770.0
354,2022.11.09,4195.0,0.0,4195.0,4300.0,4195.0,4704.0
355,2022.11.08,4195.0,5.0,4240.0,4400.0,4160.0,8100.0
356,2022.11.07,4200.0,65.0,4135.0,4270.0,4115.0,21115.0
357,2022.11.04,4135.0,60.0,4175.0,4175.0,4060.0,5354.0
358,2022.11.03,4195.0,120.0,4295.0,4310.0,4175.0,9018.0
359,2022.11.02,4315.0,10.0,4305.0,4400.0,4265.0,2459.0
360,2022.11.01,4305.0,45.0,4260.0,4330.0,4205.0,10279.0
361,2022.10.31,4260.0,60.0,4200.0,4280.0,4155.0,3754.0
362,2022.10.28,4200.0,0.0,4200.0,4240.0,4155.0,3364.0
363,2022.10.27,4200.0,55.0,4210.0,4245.0,4110.0,18018.0
364,2022.10.26,4255.0,30.0,4225.0,4255.0,4200.0,4893.0
365,2022.10.25,4225.0,35.0,4210.0,4275.0,4190.0,7500.0
366,2022.10.24,4190.0,90.0,4100.0,4190.0,4055.0,7410.0
367,2022.10.21,4100.0,40.0,4075.0,4100.0,4005.0,5426.0
368,2022.10.20,4140.0,80.0,4060.0,4140.0,4000.0,10146.0
369,2022.10.19,4060.0,25.0,4060.0,4190.0,3925.0,17194.0
370,2022.10.18,4035.0,50.0,3990.0,4090.0,3990.0,4522.0
371,2022.10.17,3985.0,25.0,4010.0,4040.0,3930.0,8499.0
372,2022.10.14,4010.0,110.0,3940.0,4160.0,3940.0,8592.0
373,2022.10.13,3900.0,110.0,4010.0,4110.0,3885.0,9502.0
374,2022.10.12,4010.0,10.0,3915.0,4020.0,3860.0,16191.0
375,2022.10.11,4020.0,120.0,4060.0,4100.0,3970.0,9356.0
376,2022.10.07,4140.0,60.0,4125.0,4175.0,4045.0,7221.0
377,2022.10.06,4080.0,0.0,4070.0,4125.0,4030.0,12178.0
378,2022.10.05,4080.0,25.0,4220.0,4220.0,3910.0,17264.0
379,2022.10.04,4055.0,45.0,4010.0,4275.0,3970.0,16078.0
380,2022.09.30,4010.0,10.0,3970.0,4010.0,3820.0,5510.0
381,2022.09.29,4020.0,40.0,3980.0,4040.0,3855.0,9467.0
382,2022.09.28,3980.0,10.0,4000.0,4320.0,3825.0,24357.0
383,2022.09.27,3990.0,75.0,4065.0,4065.0,3905.0,3808.0
384,2022.09.26,4065.0,45.0,4070.0,4120.0,3865.0,42670.0
385,2022.09.23,4110.0,90.0,4160.0,4160.0,4075.0,10409.0
386,2022.09.22,4200.0,110.0,4245.0,4245.0,4150.0,10146.0
387,2022.09.21,4310.0,70.0,4360.0,4360.0,4235.0,9300.0
388,2022.09.20,4380.0,70.0,4355.0,4410.0,4350.0,13238.0
389,2022.09.19,4450.0,20.0,4425.0,4470.0,4300.0,12589.0
390,2022.09.16,4470.0,120.0,4500.0,4540.0,4465.0,7917.0
391,2022.09.15,4590.0,45.0,4635.0,4665.0,4550.0,9174.0
392,2022.09.14,4635.0,0.0,4635.0,4690.0,4520.0,11752.0
393,2022.09.13,4635.0,125.0,4555.0,4680.0,4555.0,8684.0
394,2022.09.08,4510.0,105.0,4540.0,4595.0,4485.0,12341.0
395,2022.09.07,4615.0,30.0,4615.0,4640.0,4430.0,58420.0
396,2022.09.06,4585.0,25.0,4600.0,4635.0,4560.0,21398.0
397,2022.09.05,4610.0,135.0,4620.0,4700.0,4600.0,8917.0
398,2022.09.02,4745.0,85.0,4740.0,4785.0,4675.0,6005.0
399,2022.09.01,4830.0,0.0,4830.0,4870.0,4720.0,4520.0
400,2022.08.31,4830.0,0.0,4850.0,4850.0,4780.0,6104.0
401,2022.08.30,4830.0,15.0,4740.0,4845.0,4740.0,12894.0
402,2022.08.29,4845.0,5.0,4840.0,4845.0,4620.0,5786.0
403,2022.08.26,4850.0,20.0,4865.0,4900.0,4810.0,10010.0
404,2022.08.25,4830.0,5.0,4865.0,4880.0,4810.0,6222.0
405,2022.08.24,4825.0,40.0,4740.0,4960.0,4740.0,13970.0
406,2022.08.23,4785.0,155.0,4845.0,4845.0,4740.0,5180.0
407,2022.08.22,4940.0,55.0,4920.0,4945.0,4805.0,6312.0
408,2022.08.19,4995.0,50.0,4935.0,4995.0,4885.0,12820.0
409,2022.08.18,4945.0,105.0,4900.0,5040.0,4835.0,8634.0
410,2022.08.17,5050.0,30.0,5080.0,5080.0,4930.0,8689.0
411,2022.08.16,5080.0,50.0,5030.0,5080.0,4980.0,5197.0
412,2022.08.12,5030.0,10.0,5040.0,5040.0,4970.0,4291.0
413,2022.08.11,5040.0,10.0,5010.0,5080.0,4960.0,3963.0
414,2022.08.10,5030.0,10.0,5040.0,5040.0,4960.0,1919.0
415,2022.08.09,5040.0,30.0,4970.0,5070.0,4935.0,2765.0
416,2022.08.08,5070.0,30.0,5100.0,5160.0,5000.0,2855.0
417,2022.08.05,5100.0,0.0,5100.0,5100.0,5020.0,11502.0
418,2022.08.04,5100.0,110.0,5000.0,5190.0,5000.0,7866.0
419,2022.08.03,4990.0,70.0,5060.0,5090.0,4985.0,13763.0
420,2022.08.02,5060.0,0.0,5060.0,5080.0,5030.0,1831.0
421,2022.08.01,5060.0,10.0,5000.0,5070.0,4985.0,6066.0
422,2022.07.29,5050.0,50.0,5100.0,5100.0,5000.0,22184.0
423,2022.07.28,5100.0,80.0,5030.0,5100.0,4975.0,3163.0
424,2022.07.27,5020.0,40.0,5040.0,5050.0,5010.0,2484.0
425,2022.07.26,5060.0,30.0,4995.0,5070.0,4985.0,2174.0
426,2022.07.25,5030.0,30.0,5000.0,5040.0,4930.0,3937.0
427,2022.07.22,5000.0,100.0,5100.0,5100.0,5000.0,4450.0
428,2022.07.21,5100.0,30.0,5070.0,5140.0,5020.0,10347.0
429,2022.07.20,5070.0,20.0,5080.0,5140.0,5060.0,6508.0
430,2022.07.19,5090.0,80.0,5070.0,5090.0,5020.0,9662.0
431,2022.07.18,5170.0,40.0,5080.0,5210.0,5080.0,12071.0
432,2022.07.15,5130.0,10.0,5130.0,5140.0,4970.0,9653.0
433,2022.07.14,5140.0,320.0,4795.0,5210.0,4775.0,75942.0
434,2022.07.13,4820.0,105.0,4890.0,5030.0,4820.0,6840.0
435,2022.07.12,4925.0,5.0,4820.0,4990.0,4770.0,11367.0
436,2022.07.11,4930.0,20.0,4920.0,5000.0,4815.0,6797.0
437,2022.07.08,4950.0,110.0,4960.0,4960.0,4795.0,11692.0
438,2022.07.07,4840.0,100.0,4780.0,4865.0,4745.0,10687.0
439,2022.07.06,4740.0,10.0,4680.0,4970.0,4630.0,7941.0
440,2022.07.05,4730.0,120.0,4610.0,4745.0,4535.0,3153.0
441,2022.07.04,4610.0,60.0,4535.0,4710.0,4460.0,6645.0
442,2022.07.01,4550.0,145.0,4630.0,4785.0,4530.0,22536.0
443,2022.06.30,4695.0,130.0,4740.0,4820.0,4670.0,5929.0
444,2022.06.29,4825.0,5.0,4670.0,5000.0,4670.0,7997.0
445,2022.06.28,4830.0,10.0,4840.0,4840.0,4700.0,3140.0
446,2022.06.27,4840.0,220.0,4895.0,4895.0,4645.0,11051.0
447,2022.06.24,4620.0,165.0,4400.0,4840.0,4310.0,25570.0
448,2022.06.23,4455.0,90.0,4455.0,4590.0,4240.0,21084.0
449,2022.06.22,4545.0,220.0,4810.0,4915.0,4545.0,19566.0
450,2022.06.21,4765.0,50.0,4715.0,5010.0,4640.0,14427.0
451,2022.06.20,4715.0,365.0,5030.0,5030.0,4695.0,29209.0
452,2022.06.17,5080.0,70.0,4960.0,5080.0,4895.0,29701.0
453,2022.06.16,5150.0,30.0,5130.0,5220.0,5000.0,63904.0
454,2022.06.15,5120.0,70.0,5180.0,5180.0,5000.0,10503.0
455,2022.06.14,5190.0,40.0,5050.0,5190.0,4910.0,12665.0
456,2022.06.13,5150.0,230.0,5340.0,5380.0,5110.0,18314.0
457,2022.06.10,5380.0,80.0,5460.0,5460.0,5300.0,14992.0
458,2022.06.09,5460.0,90.0,5350.0,5470.0,5340.0,8561.0
459,2022.06.08,5370.0,170.0,5400.0,5500.0,5370.0,14180.0
460,2022.06.07,5540.0,10.0,5550.0,5550.0,5390.0,9933.0
461,2022.06.03,5550.0,50.0,5500.0,5560.0,5470.0,7268.0
462,2022.06.02,5500.0,50.0,5600.0,5640.0,5500.0,18940.0
463,2022.05.31,5550.0,70.0,5580.0,5690.0,5500.0,30433.0
464,2022.05.30,5620.0,50.0,5570.0,5640.0,5480.0,21980.0
465,2022.05.27,5570.0,10.0,5560.0,5600.0,5440.0,16814.0
466,2022.05.26,5560.0,0.0,5560.0,5640.0,5490.0,27884.0
467,2022.05.25,5560.0,160.0,5400.0,5620.0,5370.0,19855.0
468,2022.05.24,5400.0,30.0,5460.0,5520.0,5340.0,27497.0
469,2022.05.23,5430.0,100.0,5540.0,5540.0,5400.0,10705.0
470,2022.05.20,5530.0,140.0,5620.0,5680.0,5510.0,32087.0
471,2022.05.19,5670.0,190.0,5400.0,5690.0,5230.0,74417.0
472,2022.05.18,5480.0,50.0,5430.0,5680.0,5390.0,128253.0
473,2022.05.17,5430.0,130.0,5310.0,5450.0,5250.0,34978.0
474,2022.05.16,5300.0,140.0,5160.0,5330.0,5150.0,39778.0
475,2022.05.13,5160.0,0.0,5160.0,5220.0,5120.0,25809.0
476,2022.05.12,5160.0,80.0,5240.0,5260.0,5120.0,26442.0
477,2022.05.11,5240.0,60.0,5130.0,5250.0,5120.0,14560.0
478,2022.05.10,5180.0,100.0,5140.0,5200.0,4920.0,70736.0
479,2022.05.09,5280.0,10.0,5230.0,5280.0,5160.0,31792.0
480,2022.05.06,5290.0,160.0,5340.0,5390.0,5240.0,40738.0
481,2022.05.04,5450.0,90.0,5550.0,5560.0,5340.0,102116.0
482,2022.05.03,5540.0,400.0,5150.0,5640.0,5140.0,423633.0
483,2022.05.02,5140.0,20.0,5160.0,5220.0,5050.0,21986.0
484,2022.04.29,5160.0,50.0,5120.0,5190.0,5060.0,13891.0
485,2022.04.28,5110.0,50.0,5050.0,5130.0,4970.0,21801.0
486,2022.04.27,5060.0,40.0,5040.0,5060.0,4945.0,30997.0
487,2022.04.26,5100.0,20.0,5030.0,5150.0,5030.0,22886.0
488,2022.04.25,5080.0,60.0,5020.0,5090.0,4915.0,60089.0
489,2022.04.22,5140.0,100.0,5230.0,5750.0,5030.0,457556.0
490,2022.04.21,5240.0,10.0,5230.0,5310.0,5170.0,5288.0
491,2022.04.20,5230.0,80.0,5200.0,5300.0,5150.0,32534.0
492,2022.04.19,5150.0,90.0,5050.0,5150.0,5050.0,13802.0
493,2022.04.18,5060.0,0.0,5010.0,5090.0,5010.0,11180.0
494,2022.04.15,5060.0,30.0,5030.0,5080.0,4980.0,11507.0
495,2022.04.14,5030.0,10.0,5070.0,5140.0,4985.0,20450.0
496,2022.04.13,5020.0,45.0,4970.0,5030.0,4960.0,12593.0
497,2022.04.12,4975.0,45.0,5000.0,5000.0,4875.0,30669.0
498,2022.04.11,5020.0,140.0,5150.0,5220.0,5020.0,21906.0
499,2022.04.08,5160.0,0.0,5120.0,5250.0,5060.0,17140.0
500,2022.04.07,5160.0,40.0,5180.0,5190.0,5120.0,39717.0
501,2022.04.06,5200.0,40.0,5180.0,5230.0,5150.0,18463.0
502,2022.04.05,5240.0,30.0,5210.0,5380.0,5160.0,11730.0
503,2022.04.04,5210.0,90.0,5280.0,5290.0,5150.0,17878.0
504,2022.04.01,5300.0,140.0,5110.0,5500.0,5110.0,52983.0
505,2022.03.31,5160.0,80.0,5100.0,5170.0,5090.0,12106.0
506,2022.03.30,5080.0,40.0,5120.0,5120.0,5060.0,24419.0
507,2022.03.29,5120.0,0.0,5120.0,5170.0,5080.0,6500.0
508,2022.03.28,5120.0,10.0,5190.0,5190.0,5050.0,20345.0
509,2022.03.25,5110.0,100.0,5210.0,5250.0,5100.0,16635.0
510,2022.03.24,5210.0,70.0,5320.0,5320.0,5210.0,14976.0
511,2022.03.23,5280.0,160.0,5340.0,5340.0,5150.0,27971.0
512,2022.03.22,5120.0,70.0,5070.0,5490.0,5000.0,36721.0
513,2022.03.21,5050.0,100.0,4950.0,5050.0,4900.0,17371.0
514,2022.03.18,4950.0,40.0,4990.0,5040.0,4935.0,10702.0
515,2022.03.17,4990.0,55.0,5000.0,5000.0,4940.0,9711.0
516,2022.03.16,4935.0,120.0,5000.0,5000.0,4880.0,5390.0
517,2022.03.15,4815.0,55.0,4780.0,4880.0,4775.0,10681.0
518,2022.03.14,4870.0,10.0,4880.0,4895.0,4770.0,12717.0
519,2022.03.11,4880.0,20.0,4905.0,4910.0,4830.0,4294.0
520,2022.03.10,4860.0,55.0,4815.0,4900.0,4800.0,6879.0
521,2022.03.08,4805.0,70.0,4780.0,4865.0,4770.0,8136.0
522,2022.03.07,4875.0,75.0,4860.0,4950.0,4810.0,8869.0
523,2022.03.04,4950.0,0.0,4950.0,4950.0,4880.0,9266.0
524,2022.03.03,4950.0,40.0,5010.0,5010.0,4900.0,14703.0
525,2022.03.02,4910.0,0.0,4925.0,4980.0,4750.0,34678.0
526,2022.02.28,4910.0,70.0,5030.0,5030.0,4805.0,7530.0
527,2022.02.25,4980.0,15.0,4925.0,5010.0,4860.0,32359.0
528,2022.02.24,4965.0,95.0,5110.0,5140.0,4930.0,14242.0
529,2022.02.23,5060.0,30.0,4985.0,5110.0,4930.0,21421.0
530,2022.02.22,5030.0,10.0,4905.0,5090.0,4835.0,36760.0
531,2022.02.21,5040.0,40.0,5020.0,5070.0,4950.0,7333.0
532,2022.02.18,5080.0,20.0,5060.0,5090.0,4980.0,2554.0
533,2022.02.17,5060.0,30.0,5140.0,5230.0,4955.0,20286.0
534,2022.02.16,5090.0,80.0,5190.0,5190.0,5020.0,7311.0
535,2022.02.15,5010.0,75.0,4935.0,5140.0,4890.0,16735.0
536,2022.02.14,4935.0,315.0,5070.0,5120.0,4935.0,35689.0
537,2022.02.11,5250.0,60.0,5310.0,5310.0,5150.0,11587.0
538,2022.02.10,5310.0,30.0,5400.0,5400.0,5230.0,11809.0
539,2022.02.09,5340.0,40.0,5300.0,5390.0,5210.0,14083.0
540,2022.02.08,5300.0,20.0,5480.0,5480.0,5110.0,12293.0
541,2022.02.07,5280.0,70.0,5170.0,5340.0,5160.0,23924.0
542,2022.02.04,5210.0,110.0,5110.0,5220.0,5020.0,15369.0
543,2022.02.03,5100.0,30.0,5070.0,5200.0,5030.0,27217.0
544,2022.01.28,5070.0,170.0,4905.0,5380.0,4780.0,48534.0
545,2022.01.27,4900.0,50.0,4950.0,5080.0,4740.0,29710.0
546,2022.01.26,4950.0,20.0,4930.0,5170.0,4825.0,36454.0
547,2022.01.25,4970.0,110.0,5090.0,5400.0,4930.0,38004.0
548,2022.01.24,5080.0,270.0,5230.0,5290.0,4910.0,39654.0
549,2022.01.21,5350.0,40.0,5380.0,5380.0,5250.0,20644.0
550,2022.01.20,5390.0,40.0,5350.0,5680.0,5310.0,18777.0
551,2022.01.19,5350.0,160.0,5380.0,5500.0,5350.0,15452.0
552,2022.01.18,5510.0,70.0,5470.0,5610.0,5300.0,62786.0
553,2022.01.17,5440.0,230.0,5540.0,5570.0,5360.0,56487.0
554,2022.01.14,5670.0,50.0,5720.0,5770.0,5610.0,18052.0
555,2022.01.13,5720.0,60.0,5770.0,5880.0,5630.0,26029.0
556,2022.01.12,5780.0,0.0,5800.0,5810.0,5560.0,50016.0
557,2022.01.11,5780.0,240.0,5930.0,5990.0,5580.0,145956.0
558,2022.01.10,6020.0,420.0,6300.0,6380.0,6010.0,134993.0
559,2022.01.07,6440.0,390.0,6050.0,6440.0,5900.0,229438.0
560,2022.01.06,6050.0,350.0,6170.0,6240.0,5920.0,195797.0
561,2022.01.05,6400.0,470.0,5930.0,6470.0,5830.0,562985.0
562,2022.01.04,5930.0,280.0,5650.0,6170.0,5600.0,206502.0
563,2022.01.03,5650.0,170.0,5950.0,5950.0,5650.0,70749.0
564,2021.12.30,5820.0,10.0,5820.0,5940.0,5630.0,131489.0
565,2021.12.29,5830.0,280.0,5550.0,6500.0,5470.0,759726.0
566,2021.12.28,5550.0,40.0,5510.0,5550.0,5390.0,37304.0
567,2021.12.27,5510.0,50.0,5520.0,5570.0,5440.0,27880.0
568,2021.12.24,5460.0,30.0,5400.0,5470.0,5370.0,25017.0
569,2021.12.23,5430.0,20.0,5450.0,5490.0,5310.0,26499.0
570,2021.12.22,5410.0,110.0,5310.0,5480.0,5300.0,45352.0
571,2021.12.21,5300.0,20.0,5270.0,5340.0,5220.0,14083.0
572,2021.12.20,5280.0,10.0,5220.0,5310.0,5200.0,26206.0
573,2021.12.17,5270.0,0.0,5270.0,5330.0,5210.0,19421.0
574,2021.12.16,5270.0,0.0,5280.0,5330.0,5220.0,28954.0
575,2021.12.15,5270.0,90.0,5360.0,5390.0,5250.0,25113.0
576,2021.12.14,5360.0,0.0,5360.0,5400.0,5280.0,23991.0
577,2021.12.13,5360.0,20.0,5400.0,5520.0,5300.0,15706.0
578,2021.12.10,5380.0,80.0,5300.0,5400.0,5300.0,13068.0
579,2021.12.09,5300.0,50.0,5250.0,5350.0,5250.0,8525.0
580,2021.12.08,5250.0,80.0,5370.0,5420.0,5250.0,21639.0
581,2021.12.07,5330.0,70.0,5410.0,5420.0,5230.0,32655.0
582,2021.12.06,5400.0,30.0,5360.0,5400.0,5260.0,13354.0
583,2021.12.03,5370.0,10.0,5410.0,5430.0,5290.0,21954.0
584,2021.12.02,5360.0,80.0,5130.0,5360.0,5130.0,48763.0
585,2021.12.01,5280.0,10.0,5160.0,5290.0,5070.0,43589.0
586,2021.11.30,5290.0,90.0,5160.0,5570.0,5120.0,214105.0
587,2021.11.29,5200.0,110.0,5130.0,5260.0,5110.0,43610.0
588,2021.11.26,5310.0,30.0,5300.0,5320.0,5150.0,74602.0
589,2021.11.25,5340.0,60.0,5350.0,5380.0,5210.0,25408.0
590,2021.11.24,5400.0,30.0,5310.0,5450.0,5280.0,32180.0
591,2021.11.23,5370.0,280.0,5030.0,5530.0,4975.0,192566.0
592,2021.11.22,5090.0,50.0,5040.0,5090.0,4895.0,30699.0
593,2021.11.19,5040.0,90.0,5070.0,5120.0,5040.0,20197.0
594,2021.11.18,5130.0,50.0,5130.0,5200.0,5090.0,29414.0
595,2021.11.17,5180.0,180.0,5350.0,5350.0,5140.0,27978.0
596,2021.11.16,5360.0,170.0,5530.0,5530.0,5260.0,67071.0
597,2021.11.15,5530.0,310.0,5320.0,5670.0,5240.0,107998.0
598,2021.11.12,5220.0,100.0,5070.0,5230.0,5050.0,21483.0
599,2021.11.11,5120.0,110.0,5080.0,5230.0,5010.0,42543.0
600,2021.11.10,5230.0,80.0,5310.0,5450.0,5170.0,63433.0
601,2021.11.09,5310.0,0.0,5310.0,5400.0,5150.0,100678.0
602,2021.11.08,5310.0,90.0,5320.0,5340.0,5180.0,46086.0
603,2021.11.05,5400.0,20.0,5380.0,5480.0,5310.0,36461.0
604,2021.11.04,5380.0,20.0,5360.0,5570.0,5300.0,47453.0
605,2021.11.03,5360.0,80.0,5450.0,5540.0,5320.0,24049.0
606,2021.11.02,5440.0,170.0,5280.0,5450.0,5280.0,28013.0
607,2021.11.01,5270.0,90.0,5310.0,5380.0,5110.0,68584.0
608,2021.10.29,5360.0,20.0,5370.0,5410.0,5260.0,47524.0
609,2021.10.28,5380.0,20.0,5420.0,5570.0,5340.0,13359.0
610,2021.10.27,5400.0,270.0,5670.0,5690.0,5300.0,55056.0
611,2021.10.26,5670.0,150.0,5520.0,5740.0,5450.0,105431.0
612,2021.10.25,5520.0,150.0,5360.0,5800.0,5250.0,119640.0
613,2021.10.22,5370.0,330.0,5040.0,5410.0,5040.0,125733.0
614,2021.10.21,5040.0,90.0,4950.0,5090.0,4920.0,45414.0
615,2021.10.20,4950.0,60.0,5010.0,5020.0,4905.0,21793.0
616,2021.10.19,5010.0,10.0,5020.0,5060.0,4850.0,40531.0
617,2021.10.18,5020.0,100.0,4950.0,5060.0,4885.0,27903.0
618,2021.10.15,4920.0,95.0,4855.0,4935.0,4855.0,24472.0
619,2021.10.14,4825.0,45.0,4780.0,4905.0,4780.0,15443.0
620,2021.10.13,4780.0,100.0,4665.0,4900.0,4595.0,28918.0
621,2021.10.12,4680.0,75.0,4755.0,4755.0,4555.0,20606.0
622,2021.10.08,4755.0,100.0,4770.0,4795.0,4620.0,30118.0
623,2021.10.07,4655.0,135.0,4520.0,4660.0,4445.0,38027.0
624,2021.10.06,4520.0,160.0,4680.0,4770.0,4410.0,49138.0
625,2021.10.05,4680.0,120.0,4780.0,4865.0,4545.0,97379.0
626,2021.10.01,4800.0,150.0,4920.0,4925.0,4705.0,86386.0
627,2021.09.30,4950.0,70.0,4970.0,4970.0,4900.0,36937.0
628,2021.09.29,5020.0,80.0,5020.0,5020.0,4890.0,40123.0
629,2021.09.28,5100.0,40.0,5140.0,5140.0,5050.0,20380.0
630,2021.09.27,5140.0,10.0,5130.0,5140.0,5050.0,28949.0
631,2021.09.24,5150.0,80.0,5190.0,5210.0,5020.0,67988.0
632,2021.09.23,5230.0,150.0,5330.0,5350.0,5130.0,43097.0
633,2021.09.17,5380.0,150.0,5290.0,5500.0,5110.0,40542.0
634,2021.09.16,5230.0,170.0,5400.0,5400.0,5200.0,44289.0
635,2021.09.15,5400.0,80.0,5480.0,5530.0,5180.0,66443.0
636,2021.09.14,5480.0,170.0,5280.0,5490.0,5250.0,43083.0
637,2021.09.13,5310.0,300.0,5560.0,5560.0,5270.0,86448.0
638,2021.09.10,5610.0,310.0,5920.0,5920.0,5580.0,56673.0
639,2021.09.09,5920.0,210.0,5710.0,5920.0,5620.0,159182.0
640,2021.09.08,5710.0,40.0,5800.0,5820.0,5510.0,85988.0
641,2021.09.07,5750.0,30.0,5780.0,5850.0,5740.0,25177.0
642,2021.09.06,5780.0,60.0,5720.0,5870.0,5670.0,38372.0
643,2021.09.03,5720.0,30.0,5690.0,5800.0,5660.0,29147.0
644,2021.09.02,5690.0,60.0,5680.0,5750.0,5680.0,17993.0
645,2021.09.01,5750.0,60.0,5690.0,5810.0,5680.0,59076.0
646,2021.08.31,5690.0,30.0,5720.0,5760.0,5600.0,59952.0
647,2021.08.30,5720.0,300.0,5420.0,5720.0,5410.0,86719.0
648,2021.08.27,5420.0,80.0,5340.0,5420.0,5290.0,35411.0
649,2021.08.26,5340.0,80.0,5260.0,5380.0,5230.0,70740.0
650,2021.08.25,5260.0,265.0,5040.0,5260.0,5030.0,90255.0
651,2021.08.24,4995.0,195.0,5100.0,5100.0,4920.0,62037.0
652,2021.08.23,4800.0,215.0,4565.0,4935.0,4565.0,79387.0
653,2021.08.20,4585.0,220.0,4745.0,4800.0,4565.0,83888.0
654,2021.08.19,4805.0,110.0,4710.0,5020.0,4710.0,204604.0
655,2021.08.18,4695.0,80.0,4600.0,4760.0,4505.0,87371.0
656,2021.08.17,4615.0,205.0,4745.0,4745.0,4510.0,98420.0
657,2021.08.13,4820.0,0.0,4820.0,4835.0,4580.0,135002.0
658,2021.08.12,4820.0,70.0,4850.0,4900.0,4775.0,54855.0
659,2021.08.11,4890.0,75.0,4945.0,5000.0,4815.0,53272.0
660,2021.08.10,4965.0,85.0,5040.0,5050.0,4810.0,92564.0
661,2021.08.09,5050.0,70.0,5120.0,5160.0,5000.0,40105.0
662,2021.08.06,5120.0,20.0,5110.0,5150.0,5040.0,42967.0
663,2021.08.05,5100.0,180.0,5280.0,5280.0,5070.0,107136.0
664,2021.08.04,5280.0,240.0,5040.0,5400.0,5010.0,94964.0
665,2021.08.03,5040.0,20.0,5100.0,5200.0,4895.0,76464.0
666,2021.08.02,5060.0,190.0,5250.0,5250.0,5010.0,53868.0
667,2021.07.30,5250.0,30.0,5320.0,5340.0,5000.0,65892.0
668,2021.07.29,5280.0,70.0,5320.0,5390.0,5230.0,31877.0
669,2021.07.28,5350.0,40.0,5380.0,5440.0,5280.0,27971.0
670,2021.07.27,5390.0,0.0,5390.0,5530.0,5380.0,28086.0
671,2021.07.26,5390.0,180.0,5690.0,5720.0,5320.0,62297.0
672,2021.07.23,5570.0,20.0,5510.0,5700.0,5510.0,34703.0
673,2021.07.22,5550.0,20.0,5530.0,5600.0,5500.0,22282.0
674,2021.07.21,5530.0,170.0,5720.0,5760.0,5530.0,72226.0
675,2021.07.20,5700.0,220.0,5800.0,5840.0,5550.0,164152.0
676,2021.07.19,5920.0,80.0,6000.0,6100.0,5860.0,50622.0
677,2021.07.16,6000.0,110.0,5920.0,6060.0,5860.0,75061.0
678,2021.07.15,5890.0,50.0,5840.0,6080.0,5790.0,65813.0
679,2021.07.14,5840.0,40.0,5880.0,5930.0,5780.0,44781.0
680,2021.07.13,5880.0,110.0,5770.0,5890.0,5770.0,44711.0
681,2021.07.12,5770.0,170.0,5910.0,5940.0,5760.0,116987.0
682,2021.07.09,5940.0,120.0,5970.0,6000.0,5770.0,94282.0
683,2021.07.08,6060.0,200.0,6200.0,6270.0,6020.0,151135.0
684,2021.07.07,6260.0,280.0,6000.0,6390.0,5950.0,583943.0
685,2021.07.06,5980.0,190.0,6090.0,6430.0,5980.0,542806.0
686,2021.07.05,6170.0,170.0,5950.0,6170.0,5870.0,361521.0
687,2021.07.02,6000.0,120.0,5760.0,6090.0,5710.0,418468.0
688,2021.07.01,5880.0,250.0,6030.0,6050.0,5550.0,658753.0
689,2021.06.30,6130.0,680.0,5450.0,6530.0,5450.0,4087207.0
690,2021.06.29,5450.0,20.0,5500.0,5500.0,5380.0,58860.0
691,2021.06.28,5430.0,200.0,5220.0,5540.0,5170.0,145700.0
692,2021.06.25,5230.0,130.0,5080.0,5250.0,5070.0,41809.0
693,2021.06.24,5100.0,30.0,5150.0,5190.0,4955.0,51886.0
694,2021.06.23,5130.0,120.0,5260.0,5340.0,4750.0,76867.0
695,2021.06.22,5250.0,70.0,5180.0,5370.0,5180.0,53302.0
696,2021.06.21,5180.0,80.0,5260.0,5320.0,5130.0,57319.0
697,2021.06.18,5260.0,30.0,5230.0,5300.0,5170.0,35939.0
698,2021.06.17,5230.0,90.0,5320.0,5440.0,5220.0,92431.0
699,2021.06.16,5320.0,60.0,5260.0,5350.0,5200.0,54463.0
700,2021.06.15,5260.0,60.0,5310.0,5360.0,5200.0,54468.0
701,2021.06.14,5320.0,170.0,5440.0,5490.0,5320.0,68547.0
702,2021.06.11,5490.0,170.0,5320.0,5560.0,5250.0,137487.0
703,2021.06.10,5320.0,0.0,5210.0,5410.0,5210.0,125280.0
704,2021.06.09,5320.0,230.0,5550.0,5570.0,5300.0,107262.0
705,2021.06.08,5550.0,30.0,5510.0,5650.0,5440.0,123547.0
706,2021.06.07,5520.0,30.0,5500.0,5640.0,5340.0,330083.0
707,2021.06.04,5490.0,380.0,5110.0,5490.0,5080.0,325255.0
708,2021.06.03,5110.0,70.0,5040.0,5110.0,5010.0,62422.0
709,2021.06.02,5040.0,20.0,5060.0,5100.0,4990.0,66320.0
710,2021.06.01,5060.0,20.0,5110.0,5200.0,5030.0,86815.0
711,2021.05.31,5080.0,50.0,5030.0,5120.0,4990.0,113739.0
712,2021.05.28,5030.0,115.0,4920.0,5050.0,4920.0,72042.0
713,2021.05.27,4915.0,25.0,4980.0,4990.0,4905.0,47398.0
714,2021.05.26,4940.0,5.0,4940.0,5040.0,4935.0,83246.0
715,2021.05.25,4935.0,185.0,4825.0,5020.0,4815.0,198627.0
716,2021.05.24,4750.0,65.0,4790.0,5000.0,4715.0,169391.0
717,2021.05.21,4815.0,10.0,4780.0,5000.0,4780.0,120651.0
718,2021.05.20,4805.0,90.0,4715.0,4810.0,4655.0,71115.0
719,2021.05.18,4715.0,70.0,4785.0,4785.0,4640.0,87030.0
720,2021.05.17,4785.0,90.0,4935.0,4970.0,4720.0,134083.0
721,2021.05.14,4875.0,5.0,4830.0,5100.0,4830.0,177648.0
722,2021.05.13,4870.0,5.0,4715.0,4985.0,4705.0,200579.0
723,2021.05.12,4865.0,40.0,4905.0,4985.0,4795.0,301965.0
724,2021.05.11,4905.0,135.0,4985.0,4985.0,4830.0,397005.0
725,2021.05.10,5040.0,320.0,5610.0,5850.0,5010.0,3513955.0
726,2021.05.07,4720.0,15.0,4745.0,4760.0,4660.0,342432.0
727,2021.05.06,4735.0,105.0,4630.0,4870.0,4630.0,68046.0
728,2021.05.04,4630.0,0.0,4630.0,4630.0,4475.0,63540.0
729,2021.05.03,4630.0,65.0,4560.0,4695.0,4480.0,65373.0
730,2021.04.30,4565.0,100.0,4490.0,4720.0,4455.0,68568.0
731,2021.04.29,4465.0,135.0,4600.0,4600.0,4425.0,105548.0
732,2021.04.28,4600.0,180.0,4780.0,4780.0,4535.0,147818.0
733,2021.04.27,4780.0,100.0,4680.0,4790.0,4650.0,69591.0
734,2021.04.26,4680.0,0.0,4650.0,4700.0,4615.0,91575.0
735,2021.04.23,4680.0,40.0,4725.0,4795.0,4620.0,91407.0
736,2021.04.22,4720.0,35.0,4755.0,4830.0,4715.0,101692.0
737,2021.04.21,4755.0,45.0,4850.0,4880.0,4750.0,167380.0
738,2021.04.20,4710.0,50.0,4750.0,4815.0,4670.0,190433.0
739,2021.04.19,4760.0,35.0,4830.0,5080.0,4705.0,183492.0
740,2021.04.16,4795.0,45.0,4865.0,4950.0,4735.0,327552.0
741,2021.04.15,4840.0,280.0,4570.0,5180.0,4565.0,1405635.0
742,2021.04.14,4560.0,20.0,4580.0,4620.0,4520.0,100686.0
743,2021.04.13,4580.0,70.0,4510.0,4620.0,4510.0,103487.0
744,2021.04.12,4510.0,15.0,4495.0,4570.0,4430.0,117164.0
745,2021.04.09,4495.0,40.0,4455.0,4540.0,4425.0,92593.0
746,2021.04.08,4455.0,75.0,4580.0,4580.0,4410.0,151444.0
747,2021.04.07,4530.0,30.0,4595.0,4595.0,4510.0,84018.0
748,2021.04.06,4560.0,10.0,4550.0,4590.0,4490.0,138129.0
749,2021.04.05,4550.0,125.0,4515.0,4575.0,4460.0,285643.0
750,2021.04.02,4425.0,15.0,4445.0,4495.0,4375.0,159803.0
751,2021.04.01,4440.0,130.0,4355.0,4510.0,4345.0,305334.0
752,2021.03.31,4310.0,170.0,4420.0,4480.0,4310.0,335143.0
753,2021.03.30,4480.0,60.0,4380.0,4490.0,4310.0,529608.0
754,2021.03.29,4420.0,365.0,4055.0,5270.0,4055.0,5906163.0
755,2021.03.26,4055.0,5.0,4060.0,4125.0,4010.0,18638.0
756,2021.03.25,4060.0,0.0,4060.0,4115.0,4030.0,11139.0
757,2021.03.24,4060.0,55.0,4095.0,4095.0,4005.0,25904.0
758,2021.03.23,4115.0,75.0,4200.0,4225.0,4005.0,37288.0
759,2021.03.22,4190.0,20.0,4170.0,4205.0,4125.0,14986.0
760,2021.03.19,4170.0,25.0,4195.0,4205.0,4135.0,8955.0
761,2021.03.18,4195.0,45.0,4220.0,4270.0,4185.0,18767.0
762,2021.03.17,4240.0,0.0,4240.0,4310.0,4180.0,5780.0
763,2021.03.16,4240.0,120.0,4145.0,4385.0,4100.0,52197.0
764,2021.03.15,4120.0,50.0,4170.0,4170.0,4095.0,13867.0
765,2021.03.12,4170.0,20.0,4170.0,4170.0,4120.0,16530.0
766,2021.03.11,4150.0,10.0,4105.0,4150.0,4060.0,20839.0
767,2021.03.10,4140.0,95.0,4045.0,4400.0,4000.0,48722.0
768,2021.03.09,4045.0,55.0,4100.0,4100.0,4035.0,6781.0
769,2021.03.08,4100.0,55.0,4140.0,4140.0,4065.0,5410.0
770,2021.03.05,4155.0,110.0,4005.0,4175.0,4005.0,11748.0
771,2021.03.04,4045.0,20.0,4140.0,4140.0,4020.0,12751.0
772,2021.03.03,4025.0,5.0,4025.0,4185.0,3985.0,17842.0
773,2021.03.02,4030.0,30.0,4060.0,4220.0,3975.0,16508.0
774,2021.02.26,4060.0,95.0,4150.0,4150.0,4035.0,12983.0
775,2021.02.25,4155.0,95.0,4100.0,4200.0,4050.0,27073.0
776,2021.02.24,4060.0,270.0,4330.0,4375.0,3990.0,55679.0
777,2021.02.23,4330.0,20.0,4310.0,4335.0,4270.0,16193.0
778,2021.02.22,4350.0,5.0,4345.0,4385.0,4300.0,17230.0
779,2021.02.19,4345.0,60.0,4405.0,4405.0,4275.0,15948.0
780,2021.02.18,4405.0,30.0,4440.0,4500.0,4335.0,23634.0
781,2021.02.17,4435.0,15.0,4405.0,4500.0,4395.0,12177.0
782,2021.02.16,4450.0,0.0,4450.0,4545.0,4350.0,24789.0
783,2021.02.15,4450.0,20.0,4435.0,4475.0,4360.0,19493.0
784,2021.02.10,4430.0,100.0,4330.0,4450.0,4220.0,25529.0
785,2021.02.09,4330.0,80.0,4365.0,4400.0,4245.0,38631.0
786,2021.02.08,4410.0,30.0,4480.0,4480.0,4310.0,10908.0
787,2021.02.05,4440.0,20.0,4420.0,4550.0,4400.0,40066.0
788,2021.02.04,4420.0,90.0,4330.0,4450.0,4310.0,19211.0
789,2021.02.03,4330.0,50.0,4410.0,4410.0,4240.0,13148.0
790,2021.02.02,4280.0,20.0,4255.0,4390.0,4210.0,22735.0
791,2021.02.01,4260.0,0.0,4220.0,4260.0,4065.0,87009.0
792,2021.01.29,4260.0,235.0,4480.0,4495.0,4140.0,49959.0
793,2021.01.28,4495.0,105.0,4340.0,4740.0,4250.0,128737.0
794,2021.01.27,4390.0,40.0,4430.0,4435.0,4335.0,15493.0
795,2021.01.26,4430.0,30.0,4450.0,4455.0,4325.0,30384.0
796,2021.01.25,4460.0,40.0,4455.0,4520.0,4445.0,18952.0
797,2021.01.22,4500.0,45.0,4565.0,4570.0,4370.0,42608.0
798,2021.01.21,4545.0,60.0,4700.0,4710.0,4465.0,33673.0
799,2021.01.20,4605.0,10.0,4595.0,4660.0,4550.0,77166.0
800,2021.01.19,4595.0,115.0,4480.0,4615.0,4435.0,192486.0
801,2021.01.18,4480.0,200.0,4240.0,4535.0,4185.0,167599.0
802,2021.01.15,4280.0,145.0,4135.0,4330.0,4070.0,76536.0
803,2021.01.14,4135.0,115.0,4285.0,4285.0,4080.0,59265.0
804,2021.01.13,4250.0,5.0,4280.0,4280.0,4200.0,29923.0
805,2021.01.12,4245.0,45.0,4200.0,4305.0,4155.0,60679.0
806,2021.01.11,4200.0,75.0,4330.0,4330.0,4065.0,88498.0
807,2021.01.08,4275.0,10.0,4420.0,4420.0,4235.0,46704.0
808,2021.01.07,4285.0,70.0,4175.0,4400.0,4150.0,103991.0
809,2021.01.06,4215.0,40.0,4175.0,4245.0,4135.0,50550.0
810,2021.01.05,4175.0,110.0,4080.0,4310.0,4065.0,154388.0
811,2021.01.04,4065.0,70.0,4070.0,4140.0,4020.0,110703.0
812,2020.12.30,3995.0,10.0,4005.0,4015.0,3945.0,30583.0
813,2020.12.29,4005.0,15.0,3985.0,4015.0,3955.0,42581.0
814,2020.12.28,3990.0,80.0,3990.0,3990.0,3900.0,79166.0
815,2020.12.24,3910.0,10.0,3870.0,3975.0,3865.0,129497.0
816,2020.12.23,3900.0,10.0,3910.0,3970.0,3870.0,38663.0
817,2020.12.22,3910.0,85.0,4010.0,4010.0,3905.0,53887.0
818,2020.12.21,3995.0,90.0,4285.0,4285.0,3990.0,353897.0
819,2020.12.18,3905.0,10.0,3915.0,3915.0,3855.0,21446.0
820,2020.12.17,3915.0,15.0,3900.0,3915.0,3855.0,17507.0
821,2020.12.16,3900.0,40.0,3860.0,3930.0,3860.0,9321.0
822,2020.12.15,3860.0,15.0,3875.0,3875.0,3830.0,18208.0
823,2020.12.14,3875.0,125.0,3955.0,3970.0,3865.0,42889.0
824,2020.12.11,4000.0,0.0,4040.0,4040.0,3955.0,21555.0
825,2020.12.10,4000.0,50.0,3960.0,4030.0,3940.0,50639.0
826,2020.12.09,3950.0,10.0,3940.0,3950.0,3900.0,16321.0
827,2020.12.08,3940.0,5.0,3945.0,3955.0,3910.0,18397.0
828,2020.12.07,3945.0,10.0,3955.0,4005.0,3905.0,28957.0
829,2020.12.04,3955.0,25.0,3940.0,3960.0,3890.0,21165.0
830,2020.12.03,3930.0,5.0,3935.0,3955.0,3890.0,25220.0
831,2020.12.02,3935.0,15.0,4010.0,4010.0,3905.0,18442.0
832,2020.12.01,3920.0,25.0,4035.0,4040.0,3870.0,17682.0
833,2020.11.30,3895.0,15.0,4045.0,4045.0,3890.0,15329.0
834,2020.11.27,3910.0,30.0,3940.0,3950.0,3895.0,8830.0
835,2020.11.26,3940.0,60.0,4000.0,4000.0,3900.0,13465.0
836,2020.11.25,4000.0,5.0,3995.0,4035.0,3945.0,13237.0
837,2020.11.24,3995.0,5.0,4000.0,4000.0,3925.0,11659.0
838,2020.11.23,4000.0,100.0,3900.0,4010.0,3900.0,13109.0
839,2020.11.20,3900.0,20.0,3950.0,3950.0,3900.0,16832.0
840,2020.11.19,3920.0,55.0,3980.0,4010.0,3920.0,15256.0
841,2020.11.18,3975.0,70.0,3905.0,3990.0,3880.0,25993.0
842,2020.11.17,3905.0,90.0,3990.0,3995.0,3875.0,32005.0
843,2020.11.16,3995.0,105.0,4095.0,4120.0,3995.0,25051.0
844,2020.11.13,4100.0,15.0,4085.0,4100.0,4005.0,26697.0
845,2020.11.12,4085.0,10.0,4075.0,4125.0,4025.0,23370.0
846,2020.11.11,4095.0,65.0,4030.0,4095.0,3990.0,38845.0
847,2020.11.10,4030.0,45.0,3995.0,4060.0,3945.0,21042.0
848,2020.11.09,3985.0,120.0,3900.0,4035.0,3900.0,47598.0
849,2020.11.06,3865.0,50.0,3915.0,3950.0,3830.0,10447.0
850,2020.11.05,3915.0,75.0,3840.0,3915.0,3835.0,11015.0
851,2020.11.04,3840.0,0.0,3880.0,3880.0,3800.0,12187.0
852,2020.11.03,3840.0,20.0,3900.0,3935.0,3815.0,20026.0
853,2020.11.02,3860.0,15.0,3845.0,3875.0,3760.0,20190.0
854,2020.10.30,3845.0,0.0,3810.0,3970.0,3805.0,19599.0
855,2020.10.29,3845.0,35.0,3870.0,3870.0,3730.0,32547.0
856,2020.10.28,3880.0,85.0,3795.0,3910.0,3760.0,28990.0
857,2020.10.27,3795.0,10.0,3805.0,3825.0,3655.0,44942.0
858,2020.10.26,3805.0,90.0,3895.0,3895.0,3785.0,30096.0
859,2020.10.23,3895.0,70.0,3840.0,3895.0,3785.0,36436.0
860,2020.10.22,3825.0,135.0,3975.0,4000.0,3825.0,42460.0
861,2020.10.21,3960.0,15.0,3945.0,4000.0,3905.0,22723.0
862,2020.10.20,3945.0,70.0,4015.0,4015.0,3880.0,39117.0
863,2020.10.19,4015.0,20.0,4060.0,4075.0,3940.0,30190.0
864,2020.10.16,4035.0,15.0,4020.0,4140.0,3915.0,50764.0
865,2020.10.15,4020.0,150.0,4170.0,4240.0,4020.0,95909.0
866,2020.10.14,4170.0,85.0,4085.0,4170.0,4050.0,63964.0
867,2020.10.13,4085.0,55.0,4070.0,4200.0,4060.0,143474.0
868,2020.10.12,4140.0,80.0,4200.0,4210.0,4100.0,126249.0
869,2020.10.08,4220.0,180.0,4440.0,4445.0,4150.0,303913.0
870,2020.10.07,4400.0,370.0,4300.0,5070.0,4300.0,2656250.0
871,2020.10.06,4030.0,130.0,3900.0,4090.0,3860.0,91294.0
872,2020.10.05,3900.0,60.0,3960.0,3960.0,3810.0,83516.0
873,2020.09.29,3960.0,5.0,3965.0,4045.0,3945.0,11800.0
874,2020.09.28,3965.0,95.0,3810.0,4000.0,3810.0,21276.0
875,2020.09.25,3870.0,160.0,3750.0,3870.0,3620.0,22148.0
876,2020.09.24,3710.0,190.0,3900.0,3900.0,3660.0,65721.0
877,2020.09.23,3900.0,100.0,3975.0,4000.0,3835.0,25572.0
878,2020.09.22,4000.0,15.0,4015.0,4015.0,3845.0,33327.0
879,2020.09.21,4015.0,65.0,3950.0,4050.0,3830.0,42305.0
880,2020.09.18,3950.0,35.0,3915.0,3955.0,3800.0,25930.0
881,2020.09.17,3915.0,25.0,3855.0,3990.0,3855.0,23759.0
882,2020.09.16,3890.0,20.0,3870.0,3940.0,3750.0,34550.0
883,2020.09.15,3870.0,100.0,3990.0,3990.0,3870.0,55311.0
884,2020.09.14,3970.0,400.0,3620.0,4315.0,3570.0,451694.0
885,2020.09.11,3570.0,110.0,3460.0,4000.0,3450.0,188349.0
886,2020.09.10,3460.0,5.0,3465.0,3465.0,3400.0,22853.0
887,2020.09.09,3465.0,5.0,3455.0,3495.0,3390.0,9259.0
888,2020.09.08,3460.0,10.0,3470.0,3480.0,3395.0,14874.0
889,2020.09.07,3470.0,55.0,3385.0,3470.0,3340.0,29110.0
890,2020.09.04,3415.0,55.0,3360.0,3440.0,3305.0,7506.0
891,2020.09.03,3360.0,50.0,3460.0,3460.0,3350.0,21034.0
892,2020.09.02,3410.0,30.0,3380.0,3410.0,3370.0,8547.0
893,2020.09.01,3380.0,40.0,3420.0,3450.0,3380.0,12647.0
894,2020.08.31,3420.0,20.0,3380.0,3425.0,3380.0,11452.0
895,2020.08.28,3400.0,90.0,3300.0,3400.0,3285.0,25636.0
896,2020.08.27,3310.0,30.0,3340.0,3440.0,3285.0,17656.0
897,2020.08.26,3340.0,0.0,3345.0,3380.0,3295.0,5910.0
898,2020.08.25,3340.0,15.0,3375.0,3375.0,3320.0,8797.0
899,2020.08.24,3325.0,15.0,3275.0,3345.0,3245.0,2998.0
900,2020.08.21,3310.0,40.0,3325.0,3390.0,3290.0,6031.0
901,2020.08.20,3350.0,15.0,3365.0,3450.0,3245.0,66136.0
902,2020.08.19,3365.0,40.0,3320.0,3400.0,3300.0,38949.0
903,2020.08.18,3325.0,100.0,3420.0,3420.0,3245.0,45698.0
904,2020.08.14,3425.0,10.0,3455.0,3520.0,3400.0,17240.0
905,2020.08.13,3435.0,15.0,3450.0,3490.0,3430.0,9206.0
906,2020.08.12,3450.0,75.0,3550.0,3600.0,3450.0,14927.0
907,2020.08.11,3525.0,10.0,3550.0,3585.0,3510.0,9477.0
908,2020.08.10,3515.0,40.0,3450.0,3600.0,3450.0,13118.0
909,2020.08.07,3475.0,10.0,3480.0,3630.0,3415.0,32898.0
910,2020.08.06,3465.0,105.0,3570.0,3585.0,3465.0,22586.0
911,2020.08.05,3570.0,35.0,3585.0,3600.0,3565.0,12291.0
912,2020.08.04,3605.0,65.0,3670.0,3710.0,3580.0,13610.0
913,2020.08.03,3670.0,50.0,3615.0,3800.0,3590.0,13382.0
914,2020.07.31,3620.0,40.0,3650.0,3650.0,3570.0,11106.0
915,2020.07.30,3660.0,60.0,3580.0,3740.0,3580.0,59756.0
916,2020.07.29,3600.0,85.0,3600.0,3620.0,3465.0,22063.0
917,2020.07.28,3515.0,35.0,3480.0,3625.0,3450.0,23077.0
918,2020.07.27,3480.0,20.0,3440.0,3540.0,3440.0,6155.0
919,2020.07.24,3460.0,70.0,3390.0,3510.0,3375.0,14860.0
920,2020.07.23,3390.0,85.0,3445.0,3595.0,3345.0,21305.0
921,2020.07.22,3475.0,25.0,3460.0,3530.0,3425.0,6238.0
922,2020.07.21,3450.0,15.0,3505.0,3505.0,3415.0,7805.0
923,2020.07.20,3435.0,50.0,3485.0,3550.0,3420.0,20108.0
924,2020.07.17,3485.0,25.0,3440.0,3560.0,3440.0,24002.0
925,2020.07.16,3460.0,10.0,3450.0,3480.0,3410.0,14505.0
926,2020.07.15,3450.0,60.0,3400.0,3455.0,3375.0,54689.0
927,2020.07.14,3390.0,25.0,3365.0,3395.0,3340.0,17691.0
928,2020.07.13,3365.0,50.0,3480.0,3480.0,3335.0,26874.0
929,2020.07.10,3415.0,125.0,3550.0,3805.0,3350.0,212692.0
930,2020.07.09,3290.0,10.0,3285.0,3325.0,3255.0,10651.0
931,2020.07.08,3280.0,10.0,3295.0,3305.0,3260.0,12272.0
932,2020.07.07,3290.0,110.0,3395.0,3405.0,3275.0,25139.0
933,2020.07.06,3400.0,55.0,3455.0,3475.0,3370.0,7516.0
934,2020.07.03,3455.0,30.0,3535.0,3535.0,3405.0,7513.0
935,2020.07.02,3425.0,25.0,3380.0,3535.0,3365.0,6248.0
936,2020.07.01,3400.0,10.0,3480.0,3480.0,3375.0,7934.0
937,2020.06.30,3410.0,40.0,3360.0,3470.0,3335.0,5436.0
938,2020.06.29,3370.0,45.0,3415.0,3415.0,3340.0,6186.0
939,2020.06.26,3415.0,0.0,3400.0,3480.0,3270.0,11809.0
940,2020.06.25,3415.0,65.0,3480.0,3480.0,3400.0,5100.0
941,2020.06.24,3480.0,0.0,3480.0,3555.0,3435.0,7168.0
942,2020.06.23,3480.0,0.0,3480.0,3570.0,3410.0,10859.0
943,2020.06.22,3480.0,55.0,3485.0,3595.0,3480.0,5830.0
944,2020.06.19,3535.0,65.0,3470.0,3630.0,3470.0,21498.0
945,2020.06.18,3470.0,70.0,3480.0,3480.0,3390.0,18991.0
946,2020.06.17,3400.0,55.0,3545.0,3545.0,3290.0,10664.0
947,2020.06.16,3455.0,60.0,3395.0,3545.0,3390.0,9526.0
948,2020.06.15,3395.0,100.0,3460.0,3490.0,3255.0,14923.0
949,2020.06.12,3495.0,90.0,3520.0,3570.0,3400.0,17527.0
950,2020.06.11,3585.0,0.0,3585.0,3590.0,3470.0,19286.0
951,2020.06.10,3585.0,5.0,3570.0,3665.0,3565.0,5701.0
952,2020.06.09,3580.0,50.0,3530.0,3630.0,3530.0,10543.0
953,2020.06.08,3530.0,30.0,3500.0,3645.0,3480.0,38870.0
954,2020.06.05,3500.0,20.0,3515.0,3565.0,3450.0,14984.0
955,2020.06.04,3480.0,65.0,3415.0,3490.0,3415.0,20632.0
956,2020.06.03,3415.0,55.0,3370.0,3420.0,3340.0,17364.0
957,2020.06.02,3360.0,35.0,3480.0,3480.0,3360.0,10649.0
958,2020.06.01,3395.0,5.0,3350.0,3490.0,3335.0,21853.0
959,2020.05.29,3390.0,65.0,3420.0,3435.0,3335.0,20528.0
960,2020.05.28,3455.0,5.0,3460.0,3525.0,3405.0,11373.0
961,2020.05.27,3460.0,85.0,3375.0,3655.0,3375.0,41894.0
962,2020.05.26,3375.0,10.0,3375.0,3400.0,3340.0,19145.0
963,2020.05.25,3365.0,25.0,3325.0,3390.0,3290.0,14299.0
964,2020.05.22,3340.0,75.0,3425.0,3450.0,3300.0,27121.0
965,2020.05.21,3415.0,5.0,3455.0,3490.0,3410.0,15135.0
966,2020.05.20,3420.0,40.0,3380.0,3430.0,3365.0,24656.0
967,2020.05.19,3380.0,10.0,3370.0,3400.0,3340.0,11210.0
968,2020.05.18,3370.0,15.0,3340.0,3385.0,3320.0,12375.0
969,2020.05.15,3385.0,65.0,3455.0,3470.0,3355.0,8846.0
970,2020.05.14,3450.0,50.0,3500.0,3500.0,3430.0,7392.0
971,2020.05.13,3500.0,15.0,3470.0,3515.0,3400.0,8667.0
972,2020.05.12,3515.0,85.0,3565.0,3620.0,3440.0,26802.0
973,2020.05.11,3600.0,40.0,3730.0,3735.0,3600.0,15742.0
974,2020.05.08,3640.0,0.0,3730.0,3730.0,3620.0,17690.0
975,2020.05.07,3640.0,150.0,3700.0,3700.0,3510.0,22961.0
976,2020.05.06,3490.0,65.0,3435.0,3500.0,3425.0,17156.0
977,2020.05.04,3425.0,10.0,3485.0,3485.0,3390.0,16009.0
978,2020.04.29,3415.0,5.0,3440.0,3440.0,3390.0,8662.0
979,2020.04.28,3410.0,0.0,3475.0,3475.0,3385.0,15504.0
980,2020.04.27,3410.0,50.0,3310.0,3460.0,3310.0,6080.0
981,2020.04.24,3360.0,40.0,3370.0,3425.0,3330.0,8681.0
982,2020.04.23,3400.0,5.0,3385.0,3430.0,3360.0,29817.0
983,2020.04.22,3395.0,90.0,3170.0,3655.0,3170.0,66377.0
984,2020.04.21,3305.0,65.0,3370.0,3395.0,3300.0,12776.0
985,2020.04.20,3370.0,105.0,3265.0,3450.0,3265.0,15792.0
986,2020.04.17,3265.0,80.0,3200.0,3270.0,3200.0,15246.0
987,2020.04.16,3185.0,30.0,3210.0,3210.0,3070.0,26735.0
988,2020.04.14,3215.0,5.0,3260.0,3270.0,3190.0,28273.0
989,2020.04.13,3220.0,160.0,3380.0,3460.0,3200.0,17323.0
990,2020.04.10,3380.0,25.0,3460.0,3460.0,3315.0,9303.0
991,2020.04.09,3405.0,25.0,3380.0,3415.0,3340.0,7336.0
992,2020.04.08,3380.0,10.0,3370.0,3450.0,3180.0,17412.0
993,2020.04.07,3370.0,175.0,3225.0,3415.0,3195.0,43541.0
994,2020.04.06,3195.0,160.0,3060.0,3200.0,3045.0,24765.0
995,2020.04.03,3035.0,15.0,3035.0,3180.0,2975.0,26198.0
996,2020.04.02,3020.0,40.0,3075.0,3140.0,2950.0,11907.0
997,2020.04.01,3060.0,140.0,3295.0,3295.0,3055.0,33337.0
998,2020.03.31,3200.0,160.0,3160.0,3375.0,3005.0,56464.0
999,2020.03.30,3040.0,210.0,2825.0,3470.0,2675.0,68792.0
1000,2020.03.27,2830.0,65.0,2785.0,2860.0,2700.0,21839.0
1001,2020.03.26,2765.0,155.0,2610.0,2830.0,2610.0,69813.0
1002,2020.03.25,2610.0,80.0,2580.0,2670.0,2530.0,50414.0
1003,2020.03.24,2530.0,75.0,2455.0,2570.0,2415.0,42990.0
1004,2020.03.23,2455.0,310.0,2690.0,2690.0,2445.0,70597.0
1005,2020.03.20,2765.0,35.0,2665.0,2905.0,2550.0,82652.0
1006,2020.03.19,2800.0,255.0,2910.0,3110.0,2485.0,19671.0
1007,2020.03.18,3055.0,45.0,3050.0,3080.0,2960.0,14878.0
1008,2020.03.17,3010.0,195.0,3195.0,3195.0,2920.0,45269.0
1009,2020.03.16,3205.0,45.0,3240.0,3375.0,3100.0,26296.0
1010,2020.03.13,3250.0,320.0,3300.0,3445.0,2750.0,74919.0
1011,2020.03.12,3570.0,170.0,3735.0,3740.0,3430.0,34801.0
1012,2020.03.11,3740.0,0.0,3740.0,3995.0,3625.0,35752.0
1013,2020.03.10,3740.0,55.0,3755.0,3755.0,3655.0,35226.0
1014,2020.03.09,3795.0,105.0,3890.0,3890.0,3740.0,16527.0
1015,2020.03.06,3900.0,75.0,3970.0,3970.0,3850.0,14327.0
1016,2020.03.05,3975.0,55.0,3920.0,3985.0,3880.0,10898.0
1017,2020.03.04,3920.0,30.0,3840.0,3945.0,3840.0,12895.0
1018,2020.03.03,3890.0,60.0,3810.0,3945.0,3800.0,14611.0
1019,2020.03.02,3830.0,60.0,3980.0,4035.0,3760.0,17439.0
1020,2020.02.28,3770.0,5.0,3765.0,3895.0,3565.0,24104.0
1021,2020.02.27,3765.0,165.0,3930.0,3930.0,3750.0,24045.0
1022,2020.02.26,3930.0,35.0,3965.0,3965.0,3850.0,19394.0
1023,2020.02.25,3965.0,70.0,3800.0,3965.0,3740.0,26065.0
1024,2020.02.24,3895.0,95.0,3935.0,3985.0,3840.0,21930.0
1025,2020.02.21,3990.0,45.0,4035.0,4040.0,3905.0,29146.0
1026,2020.02.20,4035.0,15.0,4060.0,4075.0,3985.0,18714.0
1027,2020.02.19,4050.0,15.0,4060.0,4080.0,3995.0,20353.0
1028,2020.02.18,4065.0,5.0,4035.0,4080.0,4000.0,11410.0
1029,2020.02.17,4060.0,15.0,4115.0,4135.0,4060.0,13403.0
1030,2020.02.14,4075.0,25.0,4100.0,4110.0,4045.0,16809.0
1031,2020.02.13,4100.0,75.0,4175.0,4175.0,4070.0,24718.0
1032,2020.02.12,4175.0,15.0,4160.0,4210.0,4105.0,8642.0
1033,2020.02.11,4160.0,30.0,4235.0,4235.0,4125.0,10834.0
1034,2020.02.10,4190.0,45.0,4235.0,4300.0,4190.0,10611.0
1035,2020.02.07,4235.0,60.0,4220.0,4260.0,4125.0,12019.0
1036,2020.02.06,4175.0,10.0,4115.0,4220.0,4115.0,14356.0
1037,2020.02.05,4185.0,30.0,4155.0,4205.0,4100.0,10025.0
1038,2020.02.04,4155.0,125.0,4030.0,4390.0,4030.0,13284.0
1039,2020.02.03,4030.0,10.0,3905.0,4065.0,3820.0,35235.0
1040,2020.01.31,4040.0,160.0,4175.0,4200.0,4040.0,22465.0
1041,2020.01.30,4200.0,40.0,4240.0,4305.0,4095.0,20230.0
1042,2020.01.29,4240.0,55.0,4155.0,4280.0,4120.0,24137.0
1043,2020.01.28,4185.0,95.0,4240.0,4245.0,4005.0,27854.0
1044,2020.01.23,4280.0,40.0,4235.0,4350.0,4195.0,28113.0
1045,2020.01.22,4240.0,50.0,4190.0,4245.0,4160.0,28092.0
1046,2020.01.21,4190.0,10.0,4230.0,4285.0,4175.0,35656.0
1047,2020.01.20,4200.0,260.0,4325.0,4325.0,4155.0,122906.0
1048,2020.01.17,4460.0,10.0,4500.0,4500.0,4430.0,38701.0
1049,2020.01.16,4470.0,85.0,4540.0,4580.0,4420.0,102626.0
1050,2020.01.15,4555.0,25.0,4580.0,4585.0,4495.0,58378.0
1051,2020.01.14,4580.0,60.0,4520.0,4580.0,4450.0,101258.0
1052,2020.01.13,4520.0,20.0,4510.0,4550.0,4440.0,44254.0
1053,2020.01.10,4540.0,80.0,4460.0,4550.0,4380.0,91829.0
1054,2020.01.09,4460.0,160.0,4310.0,4460.0,4310.0,67929.0
1055,2020.01.08,4300.0,180.0,4475.0,4475.0,4190.0,149673.0
1056,2020.01.07,4480.0,75.0,4510.0,4550.0,4480.0,108283.0
1057,2020.01.06,4555.0,95.0,4490.0,4580.0,4410.0,137059.0
1058,2020.01.03,4650.0,45.0,4695.0,4745.0,4440.0,549959.0
1059,2020.01.02,4695.0,665.0,4420.0,4925.0,4110.0,1878972.0
1060,2019.12.30,4030.0,60.0,3970.0,4050.0,3965.0,4939.0
1061,2019.12.27,3970.0,25.0,3995.0,4020.0,3955.0,11808.0
1062,2019.12.26,3995.0,60.0,3935.0,4025.0,3915.0,12049.0
1063,2019.12.24,3935.0,55.0,3990.0,3990.0,3910.0,24066.0
1064,2019.12.23,3990.0,70.0,4060.0,4060.0,3990.0,10008.0
1065,2019.12.20,4060.0,0.0,4060.0,4095.0,3995.0,20013.0
1066,2019.12.19,4060.0,0.0,4060.0,4100.0,4050.0,17827.0
1067,2019.12.18,4060.0,5.0,4025.0,4090.0,4005.0,35448.0
1068,2019.12.17,4065.0,15.0,4040.0,4090.0,4015.0,2959.0
1069,2019.12.16,4050.0,5.0,4055.0,4055.0,4005.0,11168.0
1070,2019.12.13,4055.0,40.0,4095.0,4100.0,4005.0,14581.0
1071,2019.12.12,4095.0,5.0,4090.0,4095.0,4000.0,20954.0
1072,2019.12.11,4090.0,20.0,4090.0,4145.0,3970.0,18420.0
1073,2019.12.10,4110.0,15.0,4120.0,4125.0,4060.0,6119.0
1074,2019.12.09,4125.0,5.0,4185.0,4185.0,4075.0,10485.0
1075,2019.12.06,4120.0,0.0,4125.0,4160.0,4010.0,13636.0
1076,2019.12.05,4120.0,0.0,4100.0,4120.0,4000.0,26178.0
1077,2019.12.04,4120.0,5.0,4115.0,4120.0,4010.0,11822.0
1078,2019.12.03,4115.0,20.0,4140.0,4140.0,4035.0,8908.0
1079,2019.12.02,4095.0,90.0,4005.0,4095.0,3960.0,13291.0
1080,2019.11.29,4005.0,20.0,4025.0,4045.0,3980.0,10999.0
1081,2019.11.28,4025.0,5.0,4020.0,4170.0,3980.0,5654.0
1082,2019.11.27,4020.0,25.0,4040.0,4040.0,3930.0,20285.0
1083,2019.11.26,4045.0,0.0,4050.0,4080.0,4000.0,10583.0
1084,2019.11.25,4045.0,0.0,4045.0,4045.0,4015.0,7050.0
1085,2019.11.22,4045.0,5.0,4050.0,4050.0,3965.0,22121.0
1086,2019.11.21,4050.0,50.0,4100.0,4100.0,3975.0,18612.0
1087,2019.11.20,4100.0,30.0,4085.0,4125.0,4050.0,16144.0
1088,2019.11.19,4130.0,0.0,4135.0,4145.0,4075.0,15175.0
1089,2019.11.18,4130.0,140.0,4260.0,4270.0,4110.0,34834.0
1090,2019.11.15,4270.0,50.0,4175.0,4295.0,4175.0,17025.0
1091,2019.11.14,4220.0,20.0,4195.0,4235.0,4170.0,7996.0
1092,2019.11.13,4240.0,0.0,4240.0,4280.0,4155.0,26281.0
1093,2019.11.12,4240.0,80.0,4320.0,4360.0,4195.0,30779.0
1094,2019.11.11,4320.0,10.0,4330.0,4330.0,4275.0,17170.0
1095,2019.11.08,4330.0,15.0,4320.0,4400.0,4300.0,9979.0
1096,2019.11.07,4315.0,35.0,4360.0,4375.0,4255.0,27873.0
1097,2019.11.06,4280.0,10.0,4320.0,4320.0,4180.0,25658.0
1098,2019.11.05,4290.0,20.0,4350.0,4350.0,4215.0,41769.0
1099,2019.11.04,4270.0,30.0,4245.0,4320.0,4230.0,25973.0
1100,2019.11.01,4240.0,140.0,4160.0,4300.0,4060.0,34620.0
1101,2019.10.31,4100.0,5.0,4105.0,4155.0,4080.0,4970.0
1102,2019.10.30,4105.0,15.0,4125.0,4160.0,4105.0,2088.0
1103,2019.10.29,4120.0,20.0,4135.0,4175.0,4115.0,14541.0
1104,2019.10.28,4140.0,90.0,4150.0,4170.0,4045.0,14141.0
1105,2019.10.25,4050.0,15.0,3995.0,4200.0,3985.0,16482.0
1106,2019.10.24,4035.0,65.0,4110.0,4195.0,4015.0,10023.0
1107,2019.10.23,4100.0,50.0,4150.0,4220.0,4055.0,19935.0
1108,2019.10.22,4150.0,50.0,4295.0,4295.0,4150.0,45792.0
1109,2019.10.21,4200.0,125.0,4325.0,4370.0,4165.0,12565.0
1110,2019.10.18,4325.0,0.0,4325.0,4385.0,4260.0,11136.0
1111,2019.10.17,4325.0,5.0,4330.0,4350.0,4300.0,3826.0
1112,2019.10.16,4330.0,35.0,4365.0,4380.0,4290.0,16277.0
1113,2019.10.15,4365.0,100.0,4260.0,4435.0,4230.0,13636.0
1114,2019.10.14,4265.0,75.0,4195.0,4315.0,4110.0,25727.0
1115,2019.10.11,4190.0,0.0,4190.0,4235.0,4165.0,5427.0
1116,2019.10.10,4190.0,0.0,4170.0,4235.0,4140.0,7506.0
1117,2019.10.08,4190.0,20.0,4240.0,4240.0,4070.0,16987.0
1118,2019.10.07,4170.0,310.0,4380.0,4400.0,4095.0,99783.0
1119,2019.10.04,4480.0,55.0,4425.0,4490.0,4345.0,38633.0
1120,2019.10.02,4425.0,5.0,4425.0,4475.0,4335.0,20956.0
1121,2019.10.01,4430.0,75.0,4505.0,4695.0,4330.0,123330.0
1122,2019.09.30,4505.0,260.0,4240.0,4510.0,4180.0,104413.0
1123,2019.09.27,4245.0,60.0,4315.0,4330.0,4180.0,25834.0
1124,2019.09.26,4305.0,45.0,4350.0,4385.0,4250.0,17093.0
1125,2019.09.25,4350.0,100.0,4450.0,4450.0,4275.0,25077.0
1126,2019.09.24,4450.0,90.0,4540.0,4540.0,4380.0,81735.0
1127,2019.09.23,4540.0,135.0,4405.0,4540.0,4365.0,24009.0
1128,2019.09.20,4405.0,5.0,4385.0,4450.0,4325.0,15460.0
1129,2019.09.19,4400.0,45.0,4450.0,4485.0,4325.0,22580.0
1130,2019.09.18,4445.0,95.0,4550.0,4580.0,4425.0,51832.0
1131,2019.09.17,4540.0,160.0,4480.0,4545.0,4385.0,71424.0
1132,2019.09.16,4380.0,40.0,4330.0,4450.0,4330.0,30375.0
1133,2019.09.11,4340.0,50.0,4280.0,4375.0,4250.0,31299.0
1134,2019.09.10,4290.0,45.0,4335.0,4560.0,4240.0,164800.0
1135,2019.09.09,4335.0,170.0,4200.0,4405.0,4095.0,257100.0
1136,2019.09.06,4165.0,35.0,4190.0,4200.0,4080.0,39480.0
1137,2019.09.05,4130.0,95.0,4035.0,4180.0,4035.0,43478.0
1138,2019.09.04,4035.0,10.0,3980.0,4085.0,3975.0,49053.0
1139,2019.09.03,4025.0,15.0,4070.0,4475.0,3960.0,559354.0
1140,2019.09.02,4040.0,20.0,4045.0,4080.0,4000.0,27022.0
1141,2019.08.30,4020.0,20.0,3960.0,4065.0,3950.0,29207.0
1142,2019.08.29,4000.0,0.0,3990.0,4015.0,3965.0,13070.0
1143,2019.08.28,4000.0,10.0,4010.0,4060.0,3960.0,11625.0
1144,2019.08.27,4010.0,80.0,3930.0,4100.0,3930.0,24890.0
1145,2019.08.26,3930.0,50.0,3940.0,3945.0,3770.0,34632.0
1146,2019.08.23,3980.0,75.0,4100.0,4100.0,3945.0,28699.0
1147,2019.08.22,4055.0,115.0,4170.0,4195.0,4030.0,41064.0
1148,2019.08.21,4170.0,5.0,4145.0,4195.0,4080.0,30543.0
1149,2019.08.20,4165.0,55.0,4220.0,4285.0,4100.0,88000.0
1150,2019.08.19,4220.0,210.0,4050.0,4370.0,3980.0,413312.0
1151,2019.08.16,4010.0,40.0,3955.0,4135.0,3895.0,137644.0
1152,2019.08.14,3970.0,40.0,3920.0,4035.0,3895.0,97298.0
1153,2019.08.13,3930.0,15.0,3945.0,4005.0,3925.0,121605.0
1154,2019.08.12,3945.0,55.0,4000.0,4170.0,3885.0,450502.0
1155,2019.08.09,4000.0,255.0,3935.0,4865.0,3780.0,3063587.0
1156,2019.08.08,3745.0,135.0,3650.0,3775.0,3595.0,29350.0
1157,2019.08.07,3610.0,20.0,3600.0,3690.0,3535.0,26227.0
1158,2019.08.06,3590.0,100.0,3665.0,3885.0,3430.0,68856.0
1159,2019.08.05,3690.0,270.0,3980.0,3980.0,3585.0,56263.0
1160,2019.08.02,3960.0,160.0,4090.0,4090.0,3895.0,52265.0
1161,2019.08.01,4120.0,275.0,4325.0,4370.0,4120.0,33791.0
1162,2019.07.31,4395.0,75.0,4505.0,4505.0,4315.0,13422.0
1163,2019.07.30,4470.0,55.0,4340.0,4575.0,4340.0,22854.0
1164,2019.07.29,4525.0,175.0,4850.0,4870.0,4465.0,31506.0
1165,2019.07.26,4700.0,5.0,4630.0,4755.0,4535.0,23930.0
1166,2019.07.25,4695.0,30.0,4655.0,4725.0,4590.0,22726.0
1167,2019.07.24,4725.0,30.0,4745.0,4915.0,4665.0,28253.0
1168,2019.07.23,4755.0,10.0,4745.0,4770.0,4680.0,27749.0
1169,2019.07.22,4745.0,85.0,4830.0,4830.0,4705.0,20821.0
1170,2019.07.19,4830.0,40.0,4735.0,4840.0,4720.0,34425.0
1171,2019.07.18,4790.0,55.0,4865.0,4880.0,4660.0,38716.0
1172,2019.07.17,4845.0,5.0,4840.0,4930.0,4670.0,54171.0
1173,2019.07.16,4840.0,5.0,4805.0,4865.0,4785.0,37872.0
1174,2019.07.15,4835.0,135.0,4970.0,4995.0,4770.0,73449.0
1175,2019.07.12,4970.0,30.0,5100.0,5140.0,4925.0,62055.0
1176,2019.07.11,5000.0,45.0,4955.0,5070.0,4890.0,106855.0
1177,2019.07.10,4955.0,45.0,4915.0,5110.0,4800.0,192279.0
1178,2019.07.09,4910.0,20.0,4925.0,5140.0,4720.0,344035.0
1179,2019.07.08,4890.0,260.0,4630.0,5810.0,4615.0,2404956.0
1180,2019.07.05,4630.0,50.0,4580.0,4630.0,4560.0,6025.0
1181,2019.07.04,4580.0,20.0,4600.0,4600.0,4535.0,1024.0
1182,2019.07.03,4600.0,50.0,4645.0,4645.0,4450.0,35671.0
1183,2019.07.02,4650.0,15.0,4635.0,4665.0,4570.0,3714.0
1184,2019.07.01,4665.0,15.0,4675.0,4680.0,4605.0,4683.0
1185,2019.06.28,4680.0,0.0,4680.0,4685.0,4565.0,3265.0
1186,2019.06.27,4680.0,25.0,4655.0,4730.0,4620.0,4243.0
1187,2019.06.26,4655.0,45.0,4700.0,4700.0,4640.0,6142.0
1188,2019.06.25,4700.0,65.0,4740.0,4770.0,4675.0,7243.0
1189,2019.06.24,4765.0,40.0,4775.0,4815.0,4750.0,7715.0
1190,2019.06.21,4805.0,90.0,4895.0,4895.0,4745.0,24013.0
1191,2019.06.20,4895.0,5.0,4900.0,4915.0,4835.0,15046.0
1192,2019.06.19,4900.0,5.0,4895.0,4910.0,4810.0,14124.0
1193,2019.06.18,4895.0,10.0,4905.0,4905.0,4845.0,8617.0
1194,2019.06.17,4905.0,5.0,4910.0,4930.0,4840.0,8036.0
1195,2019.06.14,4910.0,20.0,4890.0,4910.0,4770.0,14726.0
1196,2019.06.13,4890.0,35.0,4850.0,4890.0,4810.0,7389.0
1197,2019.06.12,4855.0,90.0,4990.0,4990.0,4850.0,5405.0
1198,2019.06.11,4945.0,10.0,5000.0,5000.0,4885.0,17450.0
1199,2019.06.10,4935.0,0.0,4950.0,5000.0,4905.0,8362.0
1200,2019.06.07,4935.0,50.0,4895.0,4935.0,4860.0,12874.0
1201,2019.06.05,4885.0,5.0,4895.0,4930.0,4790.0,12361.0
1202,2019.06.04,4880.0,20.0,4895.0,4950.0,4785.0,9571.0
1203,2019.06.03,4900.0,0.0,4980.0,4980.0,4760.0,9960.0
1204,2019.05.31,4900.0,90.0,5000.0,5010.0,4800.0,14966.0
1205,2019.05.30,4990.0,85.0,4845.0,5040.0,4735.0,24335.0
1206,2019.05.29,4905.0,55.0,4850.0,4995.0,4850.0,27957.0
1207,2019.05.28,4850.0,35.0,4855.0,4885.0,4700.0,17197.0
1208,2019.05.27,4815.0,85.0,4730.0,4920.0,4715.0,9636.0
1209,2019.05.24,4730.0,80.0,4810.0,4810.0,4615.0,16238.0
1210,2019.05.23,4810.0,280.0,4530.0,4850.0,4525.0,31641.0
1211,2019.05.22,4530.0,50.0,4450.0,4890.0,4420.0,90800.0
1212,2019.05.21,4480.0,70.0,4465.0,4535.0,4465.0,11048.0
1213,2019.05.20,4550.0,0.0,4565.0,4565.0,4450.0,9892.0
1214,2019.05.17,4550.0,80.0,4450.0,4555.0,4320.0,14811.0
1215,2019.05.16,4470.0,5.0,4475.0,4490.0,4405.0,5108.0
1216,2019.05.15,4475.0,25.0,4450.0,4475.0,4400.0,6205.0
1217,2019.05.14,4450.0,10.0,4490.0,4490.0,4305.0,7843.0
1218,2019.05.13,4440.0,105.0,4545.0,4545.0,4400.0,15674.0
1219,2019.05.10,4545.0,30.0,4450.0,4595.0,4330.0,24522.0
1220,2019.05.09,4515.0,190.0,4630.0,4705.0,4465.0,21994.0
1221,2019.05.08,4705.0,0.0,4680.0,4895.0,4655.0,3860.0
1222,2019.05.07,4705.0,20.0,4730.0,4730.0,4650.0,4660.0
1223,2019.05.03,4725.0,80.0,4805.0,4860.0,4720.0,14556.0
1224,2019.05.02,4805.0,10.0,4795.0,4910.0,4785.0,13488.0
1225,2019.04.30,4795.0,35.0,4835.0,4835.0,4725.0,6168.0
1226,2019.04.29,4760.0,45.0,4840.0,4840.0,4660.0,9484.0
1227,2019.04.26,4715.0,120.0,4915.0,4915.0,4715.0,10760.0
1228,2019.04.25,4835.0,100.0,4935.0,4940.0,4755.0,26700.0
1229,2019.04.24,4935.0,95.0,5030.0,5040.0,4930.0,11235.0
1230,2019.04.23,5030.0,60.0,5090.0,5090.0,4960.0,15374.0
1231,2019.04.22,5090.0,130.0,4955.0,5110.0,4915.0,11079.0
1232,2019.04.19,4960.0,70.0,4940.0,5080.0,4870.0,31800.0
1233,2019.04.18,4890.0,25.0,4965.0,4965.0,4795.0,33250.0
1234,2019.04.17,4915.0,135.0,5140.0,5140.0,4830.0,47035.0
1235,2019.04.16,5050.0,170.0,5250.0,5250.0,4810.0,55768.0
1236,2019.04.15,5220.0,20.0,5220.0,5250.0,5170.0,10673.0
1237,2019.04.12,5240.0,10.0,5260.0,5260.0,5190.0,11192.0
1238,2019.04.11,5230.0,0.0,5260.0,5290.0,5170.0,11775.0
1239,2019.04.10,5230.0,60.0,5300.0,5340.0,5100.0,45272.0
1240,2019.04.09,5290.0,110.0,5400.0,5400.0,5200.0,38657.0
1241,2019.04.08,5400.0,20.0,5500.0,5500.0,5310.0,23209.0
1242,2019.04.05,5420.0,20.0,5480.0,5480.0,5330.0,9624.0
1243,2019.04.04,5400.0,20.0,5390.0,5450.0,5260.0,17381.0
1244,2019.04.03,5420.0,50.0,5480.0,5520.0,5340.0,15482.0
1245,2019.04.02,5470.0,20.0,5500.0,5500.0,5390.0,4955.0
1246,2019.04.01,5450.0,20.0,5520.0,5590.0,5380.0,9885.0
1247,2019.03.29,5470.0,10.0,5470.0,5570.0,5290.0,17390.0
1248,2019.03.28,5480.0,90.0,5570.0,5570.0,5400.0,24826.0
1249,2019.03.27,5570.0,40.0,5650.0,5700.0,5420.0,17492.0
1250,2019.03.26,5610.0,90.0,5520.0,5700.0,5400.0,18671.0
1251,2019.03.25,5520.0,290.0,5820.0,5860.0,5490.0,42528.0
1252,2019.03.22,5810.0,0.0,5900.0,5900.0,5680.0,15349.0
1253,2019.03.21,5810.0,50.0,5800.0,6010.0,5700.0,15216.0
1254,2019.03.20,5760.0,20.0,5740.0,5770.0,5640.0,21222.0
1255,2019.03.19,5740.0,10.0,5790.0,5790.0,5660.0,7470.0
1256,2019.03.18,5730.0,20.0,5710.0,5770.0,5650.0,11353.0
1257,2019.03.15,5710.0,0.0,5660.0,5790.0,5640.0,7420.0
1258,2019.03.14,5710.0,170.0,5540.0,5710.0,5490.0,11030.0
1259,2019.03.13,5540.0,110.0,5650.0,5680.0,5490.0,24771.0
1260,2019.03.12,5650.0,110.0,5630.0,5650.0,5420.0,16905.0
1261,2019.03.11,5540.0,70.0,5470.0,5600.0,5210.0,48661.0
1262,2019.03.08,5470.0,50.0,5500.0,5500.0,5410.0,10049.0
1263,2019.03.07,5420.0,100.0,5520.0,5520.0,5190.0,82567.0
1264,2019.03.06,5520.0,420.0,5940.0,5940.0,5390.0,73338.0
1265,2019.03.05,5940.0,0.0,5950.0,5960.0,5590.0,52374.0
1266,2019.03.04,5940.0,200.0,5890.0,6040.0,5890.0,22164.0
1267,2019.02.28,6140.0,0.0,6150.0,6150.0,5760.0,34971.0
1268,2019.02.27,6140.0,0.0,6150.0,6190.0,5860.0,49831.0
1269,2019.02.26,6140.0,160.0,6370.0,6370.0,6030.0,19770.0
1270,2019.02.25,6300.0,40.0,6400.0,6400.0,6200.0,25893.0
1271,2019.02.22,6340.0,90.0,6430.0,6430.0,6300.0,12260.0
1272,2019.02.21,6430.0,50.0,6410.0,6490.0,6380.0,28992.0
1273,2019.02.20,6480.0,0.0,6480.0,6550.0,6390.0,42287.0
1274,2019.02.19,6480.0,0.0,6560.0,6560.0,6170.0,27964.0
1275,2019.02.18,6480.0,10.0,6430.0,6550.0,6360.0,20702.0
1276,2019.02.15,6490.0,0.0,6600.0,6600.0,6380.0,17962.0
1277,2019.02.14,6490.0,0.0,6450.0,6750.0,6320.0,33649.0
1278,2019.02.13,6490.0,110.0,6380.0,6590.0,6300.0,43467.0
1279,2019.02.12,6380.0,20.0,6320.0,6410.0,6300.0,32593.0
1280,2019.02.11,6400.0,50.0,6530.0,6530.0,6310.0,37082.0
1281,2019.02.08,6450.0,10.0,6410.0,6540.0,6220.0,33024.0
1282,2019.02.07,6440.0,0.0,6460.0,6590.0,6310.0,70378.0
1283,2019.02.01,6440.0,190.0,6200.0,7040.0,6190.0,332579.0
1284,2019.01.31,6250.0,70.0,6180.0,6250.0,6100.0,69834.0
1285,2019.01.30,6180.0,330.0,5850.0,6700.0,5800.0,372592.0
1286,2019.01.29,5850.0,90.0,5780.0,5850.0,5670.0,65484.0
1287,2019.01.28,5760.0,30.0,5730.0,5780.0,5680.0,28972.0
1288,2019.01.25,5730.0,50.0,5610.0,5830.0,5590.0,53114.0
1289,2019.01.24,5680.0,180.0,5500.0,5840.0,5500.0,195992.0
1290,2019.01.23,5500.0,0.0,5800.0,5800.0,5420.0,50550.0
1291,2019.01.22,5500.0,100.0,5550.0,5690.0,5500.0,47564.0
1292,2019.01.21,5600.0,200.0,5890.0,5890.0,5490.0,77320.0
1293,2019.01.18,5800.0,50.0,5750.0,5950.0,5620.0,84965.0
1294,2019.01.17,5750.0,120.0,5870.0,5920.0,5480.0,103948.0
1295,2019.01.16,5870.0,270.0,5660.0,5910.0,5510.0,85296.0
1296,2019.01.15,5600.0,100.0,5700.0,5920.0,5450.0,184679.0
1297,2019.01.14,5700.0,0.0,5700.0,5840.0,5530.0,179656.0
1298,2019.01.11,5700.0,360.0,5330.0,6090.0,5250.0,345011.0
1299,2019.01.10,5340.0,10.0,5340.0,5410.0,5150.0,58813.0
1300,2019.01.09,5330.0,10.0,5410.0,5810.0,5180.0,138115.0
1301,2019.01.08,5320.0,200.0,5120.0,5350.0,5020.0,79692.0
1302,2019.01.07,5120.0,10.0,5080.0,5180.0,5060.0,31584.0
1303,2019.01.04,5130.0,10.0,5110.0,5140.0,5010.0,32318.0
1304,2019.01.03,5120.0,40.0,5060.0,5250.0,4690.0,61450.0
1305,2019.01.02,5160.0,50.0,5290.0,5290.0,5100.0,49052.0
1306,2018.12.28,5210.0,30.0,5200.0,5230.0,5100.0,50572.0
1307,2018.12.27,5180.0,10.0,5180.0,5260.0,5070.0,33394.0
1308,2018.12.26,5170.0,30.0,5160.0,5170.0,4990.0,72813.0
1309,2018.12.24,5140.0,0.0,5110.0,5190.0,5050.0,97749.0
