,날짜,종가,전일비,시가,고가,저가,거래량,Unnamed: 0
0,2024.04.29,7000.0,"상승  1,260",6430.0,7460.0,6360.0,5457645.0,
1,2024.04.26,5740.0,"상한가  1,320",5170.0,5740.0,5050.0,2477991.0,
2,2024.04.25,4420.0,보합0,4285.0,4480.0,4230.0,295107.0,
3,2024.04.24,4420.0,보합0,4175.0,4495.0,4105.0,556764.0,
4,2024.04.23,4420.0,하락  115,4560.0,4935.0,4195.0,1227589.0,
5,2024.04.22,4535.0,하락  305,4740.0,4770.0,4380.0,514278.0,
6,2024.04.19,4840.0,하락  380,5150.0,5190.0,4510.0,1288510.0,
7,2024.04.18,5220.0,상승  20,6160.0,6260.0,4995.0,2463800.0,
8,2024.04.17,5200.0,600.0,5400.0,5910.0,5130.0,2204362.0,0.0
9,2024.04.16,5800.0,50.0,6850.0,7250.0,5140.0,5628973.0,1.0
10,2024.04.15,5750.0,1325.0,5380.0,5750.0,4845.0,3051031.0,2.0
11,2024.04.12,4425.0,1020.0,3685.0,4425.0,3630.0,2444147.0,3.0
12,2024.04.11,3405.0,280.0,3220.0,3430.0,3220.0,186697.0,4.0
13,2024.04.09,3125.0,80.0,3210.0,3210.0,2980.0,65792.0,5.0
14,2024.04.08,3205.0,155.0,3150.0,3400.0,3150.0,302569.0,6.0
15,2024.04.05,3360.0,700.0,2990.0,3455.0,2840.0,814071.0,7.0
16,2024.04.04,2660.0,100.0,2560.0,2680.0,2560.0,20653.0,8.0
17,2024.04.03,2560.0,70.0,2645.0,2645.0,2550.0,1528.0,9.0
18,2024.04.02,2630.0,5.0,2650.0,2650.0,2625.0,1999.0,10.0
19,2024.04.01,2635.0,25.0,2645.0,2645.0,2625.0,2411.0,11.0
20,2024.03.29,2610.0,20.0,2575.0,2645.0,2575.0,3414.0,12.0
21,2024.03.28,2590.0,40.0,2550.0,2650.0,2550.0,26200.0,13.0
22,2024.03.27,2550.0,5.0,2560.0,2560.0,2525.0,7978.0,14.0
23,2024.03.26,2555.0,20.0,2575.0,2590.0,2500.0,3539.0,15.0
24,2024.03.25,2575.0,20.0,2610.0,2610.0,2550.0,1870.0,16.0
25,2024.03.22,2595.0,80.0,2680.0,2680.0,2575.0,4769.0,17.0
26,2024.03.21,2675.0,0.0,2700.0,2700.0,2630.0,9931.0,18.0
27,2024.03.20,2675.0,0.0,2640.0,2700.0,2640.0,1227.0,19.0
28,2024.03.19,2675.0,45.0,2585.0,2675.0,2585.0,3273.0,20.0
29,2024.03.18,2630.0,100.0,2605.0,2660.0,2605.0,12736.0,21.0
30,2024.03.15,2530.0,35.0,2450.0,2685.0,2450.0,18994.0,22.0
31,2024.03.14,2495.0,80.0,2410.0,2500.0,2410.0,13152.0,23.0
32,2024.03.13,2415.0,15.0,2425.0,2425.0,2360.0,1834.0,24.0
33,2024.03.12,2400.0,10.0,2390.0,2410.0,2385.0,2435.0,25.0
34,2024.03.11,2390.0,10.0,2385.0,2400.0,2385.0,2570.0,26.0
35,2024.03.08,2400.0,10.0,2375.0,2405.0,2375.0,465.0,27.0
36,2024.03.07,2390.0,5.0,2375.0,2395.0,2375.0,1456.0,28.0
37,2024.03.06,2395.0,5.0,2355.0,2395.0,2355.0,2304.0,29.0
38,2024.03.05,2400.0,20.0,2350.0,2420.0,2350.0,3131.0,30.0
39,2024.03.04,2380.0,35.0,2370.0,2380.0,2355.0,5070.0,31.0
40,2024.02.29,2415.0,0.0,2385.0,2415.0,2385.0,2006.0,32.0
41,2024.02.28,2415.0,10.0,2400.0,2425.0,2400.0,709.0,33.0
42,2024.02.27,2425.0,15.0,2415.0,2425.0,2415.0,8597.0,34.0
43,2024.02.26,2410.0,20.0,2405.0,2425.0,2400.0,5263.0,35.0
44,2024.02.23,2430.0,0.0,2435.0,2435.0,2405.0,841.0,36.0
45,2024.02.22,2430.0,0.0,2440.0,2440.0,2420.0,1894.0,37.0
46,2024.02.21,2430.0,0.0,2430.0,2430.0,2400.0,2495.0,38.0
47,2024.02.20,2430.0,25.0,2415.0,2430.0,2405.0,873.0,39.0
48,2024.02.19,2455.0,25.0,2430.0,2455.0,2430.0,494.0,40.0
49,2024.02.16,2430.0,30.0,2410.0,2430.0,2410.0,187.0,41.0
50,2024.02.15,2400.0,20.0,2390.0,2400.0,2385.0,7435.0,42.0
51,2024.02.14,2380.0,40.0,2420.0,2420.0,2370.0,9252.0,43.0
52,2024.02.13,2420.0,0.0,2385.0,2420.0,2385.0,219.0,44.0
53,2024.02.08,2420.0,5.0,2425.0,2425.0,2350.0,1548.0,45.0
54,2024.02.07,2425.0,5.0,2395.0,2425.0,2390.0,766.0,46.0
55,2024.02.06,2430.0,30.0,2430.0,2430.0,2410.0,139.0,47.0
56,2024.02.05,2400.0,150.0,2580.0,2580.0,2400.0,4959.0,48.0
57,2024.02.02,2550.0,130.0,2435.0,2550.0,2430.0,2091.0,49.0
58,2024.02.01,2420.0,30.0,2460.0,2460.0,2395.0,1752.0,50.0
59,2024.01.31,2450.0,0.0,2420.0,2450.0,2420.0,851.0,51.0
60,2024.01.30,2450.0,15.0,2415.0,2450.0,2415.0,1312.0,52.0
61,2024.01.29,2435.0,0.0,2420.0,2450.0,2375.0,1025.0,53.0
62,2024.01.26,2435.0,25.0,2415.0,2440.0,2410.0,8920.0,54.0
63,2024.01.25,2410.0,25.0,2400.0,2410.0,2400.0,1317.0,55.0
64,2024.01.24,2385.0,0.0,2395.0,2395.0,2360.0,3169.0,56.0
65,2024.01.23,2385.0,40.0,2355.0,2390.0,2355.0,2513.0,57.0
66,2024.01.22,2425.0,5.0,2370.0,2425.0,2360.0,13661.0,58.0
67,2024.01.19,2430.0,50.0,2510.0,2510.0,2390.0,5713.0,59.0
68,2024.01.18,2480.0,50.0,2510.0,2510.0,2475.0,2010.0,60.0
69,2024.01.17,2530.0,10.0,2540.0,2540.0,2505.0,375.0,61.0
70,2024.01.16,2540.0,10.0,2555.0,2555.0,2535.0,641.0,62.0
71,2024.01.15,2550.0,30.0,2555.0,2580.0,2500.0,1581.0,63.0
72,2024.01.12,2580.0,20.0,2575.0,2580.0,2575.0,229.0,64.0
73,2024.01.11,2560.0,25.0,2545.0,2565.0,2535.0,4597.0,65.0
74,2024.01.10,2535.0,65.0,2605.0,2605.0,2505.0,9864.0,66.0
75,2024.01.09,2600.0,35.0,2650.0,2650.0,2600.0,5081.0,67.0
76,2024.01.08,2635.0,45.0,2600.0,2650.0,2590.0,3780.0,68.0
77,2024.01.05,2590.0,45.0,2615.0,2615.0,2590.0,710.0,69.0
78,2024.01.04,2545.0,65.0,2690.0,2690.0,2450.0,1813.0,70.0
79,2024.01.03,2610.0,90.0,2550.0,2625.0,2550.0,11081.0,71.0
80,2024.01.02,2520.0,10.0,2550.0,2550.0,2510.0,534.0,72.0
81,2023.12.28,2530.0,15.0,2505.0,2550.0,2505.0,2559.0,73.0
82,2023.12.27,2545.0,55.0,2700.0,2700.0,2510.0,3333.0,74.0
83,2023.12.26,2490.0,10.0,2450.0,2490.0,2440.0,2782.0,75.0
84,2023.12.22,2500.0,10.0,2500.0,2500.0,2450.0,4874.0,76.0
85,2023.12.21,2490.0,0.0,2505.0,2505.0,2475.0,2759.0,77.0
86,2023.12.20,2490.0,20.0,2540.0,2550.0,2490.0,3332.0,78.0
87,2023.12.19,2510.0,100.0,2550.0,2550.0,2500.0,10195.0,79.0
88,2023.12.18,2610.0,105.0,2510.0,2800.0,2510.0,9077.0,80.0
89,2023.12.15,2505.0,20.0,2535.0,2535.0,2470.0,4268.0,81.0
90,2023.12.14,2525.0,0.0,2600.0,2600.0,2500.0,1748.0,82.0
91,2023.12.13,2525.0,15.0,2590.0,2590.0,2495.0,5226.0,83.0
92,2023.12.12,2540.0,10.0,2550.0,2580.0,2540.0,2110.0,84.0
93,2023.12.11,2550.0,50.0,2635.0,2635.0,2550.0,9449.0,85.0
94,2023.12.08,2600.0,50.0,2670.0,2700.0,2600.0,3548.0,86.0
95,2023.12.07,2650.0,25.0,2675.0,2715.0,2600.0,4585.0,87.0
96,2023.12.06,2675.0,35.0,2770.0,2770.0,2605.0,7950.0,88.0
97,2023.12.05,2710.0,0.0,2720.0,2720.0,2575.0,5500.0,89.0
98,2023.12.04,2710.0,70.0,2850.0,2850.0,2640.0,13752.0,90.0
99,2023.12.01,2640.0,40.0,2760.0,2760.0,2620.0,8553.0,91.0
100,2023.11.30,2680.0,120.0,2560.0,2810.0,2560.0,13793.0,92.0
101,2023.11.29,2560.0,190.0,2850.0,2940.0,2490.0,55833.0,93.0
102,2023.11.28,2750.0,250.0,2400.0,2780.0,2400.0,50245.0,94.0
103,2023.11.27,2500.0,100.0,2420.0,2500.0,2410.0,10074.0,95.0
104,2023.11.24,2400.0,115.0,2300.0,2400.0,2300.0,5948.0,96.0
105,2023.11.23,2285.0,55.0,2240.0,2295.0,2240.0,5221.0,97.0
106,2023.11.22,2230.0,65.0,2190.0,2260.0,2185.0,3770.0,98.0
107,2023.11.21,2165.0,0.0,2165.0,2165.0,2145.0,935.0,99.0
108,2023.11.20,2165.0,5.0,2180.0,2180.0,2160.0,882.0,100.0
109,2023.11.17,2170.0,5.0,2190.0,2190.0,2170.0,1821.0,101.0
110,2023.11.16,2175.0,50.0,2140.0,2180.0,2140.0,992.0,102.0
111,2023.11.15,2125.0,5.0,2135.0,2135.0,2105.0,2154.0,103.0
112,2023.11.14,2120.0,0.0,2125.0,2145.0,2120.0,7824.0,104.0
113,2023.11.13,2120.0,5.0,2150.0,2150.0,2100.0,3520.0,105.0
114,2023.11.10,2125.0,0.0,2135.0,2145.0,2125.0,131.0,106.0
115,2023.11.09,2125.0,35.0,2180.0,2180.0,2120.0,373.0,107.0
116,2023.11.08,2160.0,10.0,2185.0,2185.0,2145.0,190.0,108.0
117,2023.11.07,2170.0,5.0,2185.0,2185.0,2170.0,101.0,109.0
118,2023.11.06,2165.0,0.0,2185.0,2185.0,2155.0,374.0,110.0
119,2023.11.03,2165.0,5.0,2195.0,2195.0,2150.0,807.0,111.0
120,2023.11.02,2170.0,10.0,2185.0,2185.0,2170.0,105.0,112.0
121,2023.11.01,2160.0,10.0,2115.0,2185.0,2115.0,203.0,113.0
122,2023.10.31,2150.0,30.0,2145.0,2195.0,2145.0,3803.0,114.0
123,2023.10.30,2120.0,10.0,2125.0,2125.0,2115.0,168.0,115.0
124,2023.10.27,2110.0,0.0,2110.0,2125.0,2110.0,215.0,116.0
125,2023.10.26,2110.0,0.0,2120.0,2120.0,2070.0,1340.0,117.0
126,2023.10.25,2110.0,15.0,2135.0,2145.0,2095.0,222.0,118.0
127,2023.10.24,2095.0,20.0,2075.0,2095.0,2075.0,1926.0,119.0
128,2023.10.23,2115.0,25.0,2140.0,2140.0,2080.0,1823.0,120.0
129,2023.10.20,2140.0,10.0,2150.0,2150.0,2060.0,1345.0,121.0
130,2023.10.19,2150.0,20.0,2185.0,2185.0,2020.0,2950.0,122.0
131,2023.10.18,2170.0,10.0,2200.0,2200.0,2160.0,1588.0,123.0
132,2023.10.17,2180.0,30.0,2195.0,2195.0,2180.0,155.0,124.0
133,2023.10.16,2150.0,40.0,2190.0,2190.0,2150.0,7193.0,125.0
134,2023.10.13,2190.0,10.0,2180.0,2190.0,2165.0,524.0,126.0
135,2023.10.12,2180.0,15.0,2185.0,2190.0,2180.0,1777.0,127.0
136,2023.10.11,2165.0,0.0,2160.0,2180.0,2160.0,3111.0,128.0
137,2023.10.10,2165.0,5.0,2170.0,2170.0,2145.0,1255.0,129.0
138,2023.10.06,2170.0,25.0,2165.0,2185.0,2120.0,955.0,130.0
139,2023.10.05,2145.0,15.0,2180.0,2180.0,2145.0,893.0,131.0
140,2023.10.04,2160.0,15.0,2165.0,2165.0,2060.0,7688.0,132.0
141,2023.09.27,2145.0,5.0,2140.0,2150.0,2140.0,174.0,133.0
142,2023.09.26,2140.0,35.0,2105.0,2140.0,2090.0,905.0,134.0
143,2023.09.25,2105.0,30.0,2120.0,2150.0,2105.0,5720.0,135.0
144,2023.09.22,2135.0,25.0,2165.0,2165.0,2130.0,1478.0,136.0
145,2023.09.21,2160.0,0.0,2175.0,2175.0,2125.0,2603.0,137.0
146,2023.09.20,2160.0,15.0,2145.0,2180.0,2145.0,910.0,138.0
147,2023.09.19,2145.0,25.0,2190.0,2190.0,2145.0,1600.0,139.0
148,2023.09.18,2170.0,5.0,2190.0,2190.0,2135.0,3504.0,140.0
149,2023.09.15,2165.0,20.0,2190.0,2190.0,2165.0,2046.0,141.0
150,2023.09.14,2185.0,30.0,2190.0,2190.0,2160.0,630.0,142.0
151,2023.09.13,2155.0,0.0,2170.0,2170.0,2155.0,3609.0,143.0
152,2023.09.12,2155.0,5.0,2155.0,2185.0,2155.0,704.0,144.0
153,2023.09.11,2150.0,10.0,2120.0,2155.0,2120.0,3479.0,145.0
154,2023.09.08,2140.0,55.0,2200.0,2210.0,2140.0,4436.0,146.0
155,2023.09.07,2195.0,60.0,2245.0,2245.0,2160.0,3684.0,147.0
156,2023.09.06,2255.0,45.0,2315.0,2315.0,2240.0,1834.0,148.0
157,2023.09.05,2300.0,50.0,2360.0,2360.0,2280.0,3296.0,149.0
158,2023.09.04,2350.0,85.0,2265.0,2435.0,2235.0,5952.0,150.0
159,2023.09.01,2265.0,95.0,2350.0,2365.0,2265.0,2515.0,151.0
160,2023.08.31,2360.0,5.0,2360.0,2380.0,2315.0,1147.0,152.0
161,2023.08.30,2365.0,30.0,2400.0,2415.0,2360.0,3078.0,153.0
162,2023.08.29,2395.0,45.0,2350.0,2395.0,2300.0,5433.0,154.0
163,2023.08.28,2350.0,120.0,2320.0,2405.0,2300.0,12168.0,155.0
164,2023.08.25,2230.0,75.0,2170.0,2240.0,2155.0,9141.0,156.0
165,2023.08.24,2155.0,50.0,2105.0,2155.0,2055.0,3584.0,157.0
166,2023.08.23,2105.0,35.0,2075.0,2105.0,2035.0,9555.0,158.0
167,2023.08.22,2070.0,35.0,2120.0,2120.0,2065.0,1411.0,159.0
168,2023.08.21,2105.0,5.0,2125.0,2125.0,2105.0,1890.0,160.0
169,2023.08.18,2100.0,40.0,2160.0,2160.0,2095.0,11204.0,161.0
170,2023.08.17,2140.0,155.0,2400.0,2400.0,2105.0,12763.0,162.0
171,2023.08.16,2295.0,25.0,2270.0,2305.0,2270.0,5023.0,163.0
172,2023.08.14,2270.0,0.0,2280.0,2295.0,2265.0,1359.0,164.0
173,2023.08.11,2270.0,25.0,2325.0,2330.0,2270.0,1273.0,165.0
174,2023.08.10,2295.0,20.0,2305.0,2305.0,2295.0,967.0,166.0
175,2023.08.09,2315.0,25.0,2315.0,2315.0,2310.0,597.0,167.0
176,2023.08.08,2290.0,20.0,2320.0,2320.0,2275.0,2354.0,168.0
177,2023.08.07,2310.0,50.0,2270.0,2315.0,2270.0,2328.0,169.0
178,2023.08.04,2260.0,45.0,2305.0,2310.0,2240.0,2003.0,170.0
179,2023.08.03,2305.0,50.0,2355.0,2355.0,2230.0,3299.0,171.0
180,2023.08.02,2355.0,80.0,2380.0,2475.0,2330.0,10709.0,172.0
181,2023.08.01,2275.0,15.0,2260.0,2275.0,2255.0,2331.0,173.0
182,2023.07.31,2260.0,20.0,2255.0,2260.0,2225.0,1455.0,174.0
183,2023.07.28,2240.0,60.0,2195.0,2270.0,2195.0,2669.0,175.0
184,2023.07.27,2180.0,115.0,2100.0,2190.0,2060.0,5079.0,176.0
185,2023.07.26,2065.0,260.0,2330.0,2330.0,2000.0,21873.0,177.0
186,2023.07.25,2325.0,0.0,2325.0,2405.0,2275.0,9842.0,178.0
187,2023.07.24,2325.0,55.0,2405.0,2405.0,2305.0,1062.0,179.0
188,2023.07.21,2380.0,10.0,2380.0,2400.0,2380.0,4419.0,180.0
189,2023.07.20,2370.0,10.0,2375.0,2380.0,2350.0,1057.0,181.0
190,2023.07.19,2360.0,65.0,2305.0,2395.0,2295.0,2518.0,182.0
191,2023.07.18,2295.0,25.0,2320.0,2320.0,2290.0,2548.0,183.0
192,2023.07.17,2320.0,5.0,2330.0,2335.0,2310.0,2263.0,184.0
193,2023.07.14,2315.0,15.0,2340.0,2340.0,2305.0,1779.0,185.0
194,2023.07.13,2330.0,45.0,2400.0,2400.0,2315.0,4208.0,186.0
195,2023.07.12,2375.0,10.0,2405.0,2405.0,2355.0,1401.0,187.0
196,2023.07.11,2385.0,55.0,2455.0,2455.0,2385.0,6162.0,188.0
197,2023.07.10,2440.0,5.0,2460.0,2460.0,2440.0,249.0,189.0
198,2023.07.07,2445.0,15.0,2430.0,2450.0,2430.0,171.0,190.0
199,2023.07.06,2430.0,15.0,2420.0,2445.0,2410.0,1857.0,191.0
200,2023.07.05,2445.0,15.0,2460.0,2460.0,2420.0,5817.0,192.0
201,2023.07.04,2460.0,40.0,2510.0,2510.0,2440.0,1480.0,193.0
202,2023.07.03,2500.0,0.0,2450.0,2510.0,2450.0,4816.0,194.0
203,2023.06.30,2500.0,25.0,2530.0,2530.0,2500.0,2769.0,195.0
204,2023.06.29,2525.0,40.0,2580.0,2580.0,2525.0,2334.0,196.0
205,2023.06.28,2565.0,0.0,2595.0,2595.0,2565.0,298.0,197.0
206,2023.06.27,2565.0,5.0,2590.0,2605.0,2540.0,2373.0,198.0
207,2023.06.26,2570.0,0.0,2570.0,2570.0,2560.0,741.0,199.0
208,2023.06.23,2570.0,25.0,2600.0,2600.0,2565.0,1658.0,200.0
209,2023.06.22,2595.0,5.0,2600.0,2605.0,2580.0,1521.0,201.0
210,2023.06.21,2600.0,40.0,2650.0,2650.0,2580.0,3254.0,202.0
211,2023.06.20,2640.0,15.0,2665.0,2665.0,2620.0,806.0,203.0
212,2023.06.19,2625.0,20.0,2610.0,2640.0,2610.0,4607.0,204.0
213,2023.06.16,2645.0,35.0,2720.0,2720.0,2620.0,2668.0,205.0
214,2023.06.15,2610.0,20.0,2630.0,2630.0,2610.0,905.0,206.0
215,2023.06.14,2590.0,35.0,2585.0,2605.0,2585.0,1789.0,207.0
216,2023.06.13,2625.0,0.0,2635.0,2635.0,2555.0,1212.0,208.0
217,2023.06.12,2625.0,10.0,2640.0,2640.0,2575.0,911.0,209.0
218,2023.06.09,2615.0,25.0,2595.0,2615.0,2595.0,1025.0,210.0
219,2023.06.08,2590.0,20.0,2625.0,2625.0,2560.0,1143.0,211.0
220,2023.06.07,2570.0,5.0,2585.0,2585.0,2570.0,1007.0,212.0
221,2023.06.05,2565.0,5.0,2625.0,2625.0,2550.0,1574.0,213.0
222,2023.06.02,2570.0,25.0,2625.0,2625.0,2560.0,4708.0,214.0
223,2023.06.01,2595.0,10.0,2610.0,2610.0,2595.0,313.0,215.0
224,2023.05.31,2585.0,15.0,2570.0,2585.0,2570.0,2127.0,216.0
225,2023.05.30,2570.0,20.0,2570.0,2570.0,2525.0,994.0,217.0
226,2023.05.26,2550.0,0.0,2565.0,2580.0,2545.0,286.0,218.0
227,2023.05.25,2550.0,0.0,2530.0,2595.0,2530.0,670.0,219.0
228,2023.05.24,2550.0,60.0,2530.0,2605.0,2530.0,4075.0,220.0
229,2023.05.23,2610.0,30.0,2635.0,2650.0,2590.0,494.0,221.0
230,2023.05.22,2580.0,65.0,2525.0,2580.0,2525.0,1063.0,222.0
231,2023.05.19,2515.0,35.0,2565.0,2565.0,2490.0,1283.0,223.0
232,2023.05.18,2550.0,0.0,2550.0,2595.0,2530.0,1128.0,224.0
233,2023.05.17,2550.0,20.0,2570.0,2595.0,2495.0,2596.0,225.0
234,2023.05.16,2530.0,0.0,2530.0,2550.0,2530.0,800.0,226.0
235,2023.05.15,2530.0,10.0,2550.0,2550.0,2510.0,379.0,227.0
236,2023.05.12,2520.0,85.0,2600.0,2600.0,2520.0,3529.0,228.0
237,2023.05.11,2605.0,10.0,2635.0,2635.0,2595.0,1038.0,229.0
238,2023.05.10,2615.0,15.0,2620.0,2620.0,2600.0,727.0,230.0
239,2023.05.09,2600.0,50.0,2715.0,2715.0,2600.0,5155.0,231.0
240,2023.05.08,2650.0,15.0,2670.0,2670.0,2605.0,3294.0,232.0
241,2023.05.04,2635.0,10.0,2645.0,2645.0,2635.0,549.0,233.0
242,2023.05.03,2625.0,0.0,2645.0,2645.0,2620.0,1643.0,234.0
243,2023.05.02,2625.0,25.0,2575.0,2635.0,2575.0,12916.0,235.0
244,2023.04.28,2600.0,10.0,2610.0,2610.0,2580.0,294.0,236.0
245,2023.04.27,2610.0,65.0,2550.0,2610.0,2530.0,1572.0,237.0
246,2023.04.26,2545.0,75.0,2505.0,2580.0,2505.0,1748.0,238.0
247,2023.04.25,2620.0,0.0,2625.0,2625.0,2585.0,634.0,239.0
248,2023.04.24,2620.0,50.0,2690.0,2690.0,2600.0,808.0,240.0
249,2023.04.21,2570.0,190.0,2770.0,2770.0,2570.0,1094.0,241.0
250,2023.04.20,2760.0,20.0,2765.0,2770.0,2690.0,4238.0,242.0
251,2023.04.19,2740.0,70.0,2655.0,2740.0,2655.0,4177.0,243.0
252,2023.04.18,2670.0,15.0,2625.0,2670.0,2595.0,5230.0,244.0
253,2023.04.17,2685.0,90.0,2595.0,2785.0,2595.0,40037.0,245.0
254,2023.04.14,2595.0,15.0,2580.0,2595.0,2520.0,2436.0,246.0
255,2023.04.13,2580.0,30.0,2585.0,2585.0,2505.0,5282.0,247.0
256,2023.04.12,2550.0,55.0,2450.0,2620.0,2450.0,15326.0,248.0
257,2023.04.11,2495.0,45.0,2420.0,2495.0,2420.0,4815.0,249.0
258,2023.04.10,2450.0,50.0,2485.0,2495.0,2445.0,2060.0,250.0
259,2023.04.07,2500.0,40.0,2500.0,2555.0,2495.0,1938.0,251.0
260,2023.04.06,2540.0,50.0,2600.0,2600.0,2540.0,1062.0,252.0
261,2023.04.05,2590.0,75.0,2530.0,2595.0,2530.0,1769.0,253.0
262,2023.04.04,2515.0,15.0,2515.0,2515.0,2505.0,2351.0,254.0
263,2023.04.03,2500.0,10.0,2460.0,2500.0,2460.0,2247.0,255.0
264,2023.03.31,2490.0,5.0,2500.0,2500.0,2485.0,1582.0,256.0
265,2023.03.30,2485.0,30.0,2500.0,2500.0,2485.0,497.0,257.0
266,2023.03.29,2455.0,5.0,2470.0,2470.0,2440.0,1231.0,258.0
267,2023.03.28,2460.0,0.0,2485.0,2490.0,2430.0,320.0,259.0
268,2023.03.27,2460.0,25.0,2450.0,2475.0,2450.0,635.0,260.0
269,2023.03.24,2435.0,40.0,2440.0,2475.0,2430.0,2715.0,261.0
270,2023.03.23,2475.0,15.0,2480.0,2480.0,2470.0,2466.0,262.0
271,2023.03.22,2460.0,30.0,2455.0,2485.0,2455.0,1613.0,263.0
272,2023.03.21,2490.0,30.0,2540.0,2540.0,2490.0,673.0,264.0
273,2023.03.20,2520.0,40.0,2585.0,2585.0,2500.0,1544.0,265.0
274,2023.03.17,2560.0,25.0,2560.0,2570.0,2560.0,826.0,266.0
275,2023.03.16,2535.0,40.0,2500.0,2560.0,2490.0,3406.0,267.0
276,2023.03.15,2495.0,50.0,2590.0,2590.0,2495.0,2765.0,268.0
277,2023.03.14,2545.0,80.0,2620.0,2620.0,2530.0,1819.0,269.0
278,2023.03.13,2625.0,85.0,2555.0,2625.0,2465.0,8237.0,270.0
279,2023.03.10,2540.0,45.0,2545.0,2575.0,2540.0,1650.0,271.0
280,2023.03.09,2585.0,20.0,2580.0,2640.0,2580.0,5626.0,272.0
281,2023.03.08,2565.0,25.0,2530.0,2570.0,2530.0,1501.0,273.0
282,2023.03.07,2540.0,90.0,2645.0,2645.0,2525.0,9303.0,274.0
283,2023.03.06,2630.0,30.0,2600.0,2650.0,2600.0,5312.0,275.0
284,2023.03.03,2600.0,35.0,2650.0,2650.0,2590.0,2646.0,276.0
285,2023.03.02,2635.0,20.0,2615.0,2635.0,2615.0,4877.0,277.0
286,2023.02.28,2615.0,0.0,2640.0,2640.0,2610.0,1827.0,278.0
287,2023.02.27,2615.0,105.0,2660.0,2660.0,2615.0,5227.0,279.0
288,2023.02.24,2720.0,35.0,2760.0,2760.0,2700.0,2263.0,280.0
289,2023.02.23,2685.0,25.0,2770.0,2770.0,2665.0,2211.0,281.0
290,2023.02.22,2710.0,40.0,2750.0,2750.0,2710.0,1137.0,282.0
291,2023.02.21,2750.0,0.0,2755.0,2755.0,2705.0,2743.0,283.0
292,2023.02.20,2750.0,90.0,2660.0,2780.0,2660.0,4256.0,284.0
293,2023.02.17,2660.0,25.0,2670.0,2670.0,2625.0,1983.0,285.0
294,2023.02.16,2635.0,20.0,2635.0,2700.0,2635.0,5581.0,286.0
295,2023.02.15,2655.0,75.0,2780.0,2780.0,2655.0,6579.0,287.0
296,2023.02.14,2730.0,55.0,2675.0,2730.0,2640.0,5543.0,288.0
297,2023.02.13,2675.0,25.0,2625.0,2675.0,2625.0,3211.0,289.0
298,2023.02.10,2700.0,135.0,2565.0,2700.0,2565.0,13442.0,290.0
299,2023.02.09,2565.0,15.0,2580.0,2580.0,2540.0,2027.0,291.0
300,2023.02.08,2580.0,25.0,2570.0,2580.0,2550.0,3769.0,292.0
301,2023.02.07,2555.0,10.0,2560.0,2580.0,2550.0,1140.0,293.0
302,2023.02.06,2565.0,5.0,2595.0,2595.0,2565.0,1997.0,294.0
303,2023.02.03,2570.0,5.0,2575.0,2575.0,2560.0,302.0,295.0
304,2023.02.02,2575.0,25.0,2605.0,2605.0,2530.0,7712.0,296.0
305,2023.02.01,2550.0,10.0,2575.0,2575.0,2550.0,1720.0,297.0
306,2023.01.31,2540.0,15.0,2575.0,2580.0,2540.0,640.0,298.0
307,2023.01.30,2555.0,75.0,2675.0,2675.0,2535.0,4781.0,299.0
308,2023.01.27,2630.0,10.0,2640.0,2640.0,2580.0,5083.0,300.0
309,2023.01.26,2640.0,80.0,2555.0,2640.0,2555.0,2062.0,301.0
310,2023.01.25,2560.0,65.0,2680.0,2680.0,2550.0,5960.0,302.0
311,2023.01.20,2625.0,15.0,2640.0,2690.0,2600.0,3849.0,303.0
312,2023.01.19,2640.0,90.0,2535.0,2640.0,2535.0,6769.0,304.0
313,2023.01.18,2550.0,70.0,2545.0,2700.0,2540.0,55688.0,305.0
314,2023.01.17,2480.0,30.0,2495.0,2530.0,2450.0,4097.0,306.0
315,2023.01.16,2450.0,30.0,2420.0,2460.0,2420.0,6503.0,307.0
316,2023.01.13,2420.0,5.0,2500.0,2500.0,2420.0,722.0,308.0
317,2023.01.12,2415.0,5.0,2410.0,2475.0,2405.0,1430.0,309.0
318,2023.01.11,2410.0,0.0,2390.0,2415.0,2390.0,4090.0,310.0
319,2023.01.10,2410.0,20.0,2360.0,2420.0,2360.0,2340.0,311.0
320,2023.01.09,2390.0,30.0,2330.0,2400.0,2330.0,2957.0,312.0
321,2023.01.06,2360.0,10.0,2360.0,2360.0,2355.0,2758.0,313.0
322,2023.01.05,2370.0,30.0,2340.0,2380.0,2320.0,1323.0,314.0
323,2023.01.04,2340.0,5.0,2255.0,2360.0,2255.0,2891.0,315.0
324,2023.01.03,2335.0,15.0,2345.0,2345.0,2295.0,4906.0,316.0
325,2023.01.02,2320.0,45.0,2450.0,2450.0,2285.0,2129.0,317.0
326,2022.12.29,2365.0,40.0,2400.0,2400.0,2325.0,2845.0,318.0
327,2022.12.28,2325.0,10.0,2300.0,2325.0,2300.0,1776.0,319.0
328,2022.12.27,2335.0,25.0,2305.0,2360.0,2305.0,8067.0,320.0
329,2022.12.26,2360.0,10.0,2370.0,2390.0,2360.0,8243.0,321.0
330,2022.12.23,2370.0,65.0,2445.0,2445.0,2370.0,5503.0,322.0
331,2022.12.22,2435.0,15.0,2450.0,2450.0,2435.0,1733.0,323.0
332,2022.12.21,2450.0,0.0,2435.0,2455.0,2435.0,7577.0,324.0
333,2022.12.20,2450.0,5.0,2435.0,2480.0,2435.0,1605.0,325.0
334,2022.12.19,2445.0,5.0,2450.0,2450.0,2435.0,6198.0,326.0
335,2022.12.16,2450.0,5.0,2435.0,2455.0,2435.0,2085.0,327.0
336,2022.12.15,2455.0,20.0,2475.0,2475.0,2435.0,4785.0,328.0
337,2022.12.14,2475.0,25.0,2530.0,2530.0,2450.0,2318.0,329.0
338,2022.12.13,2500.0,0.0,2485.0,2520.0,2485.0,2030.0,330.0
339,2022.12.12,2500.0,30.0,2530.0,2530.0,2500.0,1817.0,331.0
340,2022.12.09,2530.0,20.0,2540.0,2540.0,2515.0,2424.0,332.0
341,2022.12.08,2510.0,15.0,2560.0,2560.0,2480.0,2098.0,333.0
342,2022.12.07,2495.0,25.0,2590.0,2590.0,2495.0,2379.0,334.0
343,2022.12.06,2520.0,45.0,2475.0,2530.0,2475.0,3682.0,335.0
344,2022.12.05,2475.0,25.0,2450.0,2500.0,2450.0,8142.0,336.0
345,2022.12.02,2500.0,30.0,2575.0,2575.0,2500.0,4341.0,337.0
346,2022.12.01,2530.0,30.0,2545.0,2570.0,2530.0,13947.0,338.0
347,2022.11.30,2500.0,10.0,2525.0,2525.0,2490.0,2048.0,339.0
348,2022.11.29,2490.0,20.0,2465.0,2490.0,2465.0,1383.0,340.0
349,2022.11.28,2510.0,35.0,2550.0,2550.0,2475.0,2422.0,341.0
350,2022.11.25,2475.0,40.0,2495.0,2500.0,2475.0,3870.0,342.0
351,2022.11.24,2515.0,20.0,2520.0,2520.0,2500.0,2431.0,343.0
352,2022.11.23,2495.0,5.0,2500.0,2520.0,2495.0,585.0,344.0
353,2022.11.22,2500.0,40.0,2490.0,2535.0,2490.0,698.0,345.0
354,2022.11.21,2540.0,5.0,2550.0,2550.0,2495.0,1467.0,346.0
355,2022.11.18,2535.0,0.0,2550.0,2550.0,2520.0,1026.0,347.0
356,2022.11.17,2535.0,30.0,2550.0,2550.0,2520.0,1919.0,348.0
357,2022.11.16,2505.0,40.0,2550.0,2550.0,2500.0,1282.0,349.0
358,2022.11.15,2545.0,20.0,2515.0,2545.0,2500.0,1748.0,350.0
359,2022.11.14,2525.0,10.0,2550.0,2550.0,2500.0,5758.0,351.0
360,2022.11.11,2515.0,20.0,2550.0,2550.0,2505.0,975.0,352.0
361,2022.11.10,2535.0,25.0,2510.0,2540.0,2510.0,1796.0,353.0
362,2022.11.09,2510.0,90.0,2485.0,2530.0,2425.0,8470.0,354.0
363,2022.11.08,2420.0,25.0,2430.0,2510.0,2410.0,3073.0,355.0
364,2022.11.07,2395.0,25.0,2375.0,2425.0,2375.0,1602.0,356.0
365,2022.11.04,2370.0,0.0,2430.0,2430.0,2365.0,431.0,357.0
366,2022.11.03,2370.0,40.0,2430.0,2430.0,2365.0,1485.0,358.0
367,2022.11.02,2410.0,50.0,2475.0,2475.0,2410.0,3080.0,359.0
368,2022.11.01,2460.0,0.0,2460.0,2475.0,2415.0,5899.0,360.0
369,2022.10.31,2460.0,5.0,2465.0,2465.0,2415.0,3252.0,361.0
370,2022.10.28,2465.0,10.0,2440.0,2480.0,2425.0,1649.0,362.0
371,2022.10.27,2455.0,35.0,2460.0,2460.0,2420.0,3582.0,363.0
372,2022.10.26,2420.0,5.0,2425.0,2425.0,2345.0,1026.0,364.0
373,2022.10.25,2425.0,0.0,2405.0,2435.0,2325.0,2125.0,365.0
374,2022.10.24,2425.0,95.0,2325.0,2440.0,2325.0,2955.0,366.0
375,2022.10.21,2330.0,20.0,2300.0,2340.0,2300.0,4719.0,367.0
376,2022.10.20,2350.0,70.0,2360.0,2360.0,2300.0,1692.0,368.0
377,2022.10.19,2280.0,20.0,2370.0,2370.0,2280.0,904.0,369.0
378,2022.10.18,2260.0,10.0,2305.0,2330.0,2250.0,903.0,370.0
379,2022.10.17,2250.0,5.0,2285.0,2290.0,2250.0,6273.0,371.0
380,2022.10.14,2245.0,5.0,2240.0,2310.0,2240.0,2008.0,372.0
381,2022.10.13,2240.0,115.0,2395.0,2395.0,2215.0,6542.0,373.0
382,2022.10.12,2355.0,65.0,2470.0,2470.0,2300.0,1033.0,374.0
383,2022.10.11,2290.0,55.0,2380.0,2380.0,2290.0,7092.0,375.0
384,2022.10.07,2345.0,0.0,2370.0,2370.0,2295.0,10902.0,376.0
385,2022.10.06,2345.0,105.0,2180.0,2355.0,2180.0,7700.0,377.0
386,2022.10.05,2240.0,10.0,2280.0,2280.0,2240.0,1238.0,378.0
387,2022.10.04,2250.0,40.0,2300.0,2300.0,2235.0,5924.0,379.0
388,2022.09.30,2210.0,50.0,2240.0,2290.0,2190.0,6006.0,380.0
389,2022.09.29,2260.0,65.0,2430.0,2430.0,2260.0,3869.0,381.0
390,2022.09.28,2325.0,45.0,2380.0,2520.0,2300.0,4093.0,382.0
391,2022.09.27,2370.0,50.0,2420.0,2430.0,2370.0,3415.0,383.0
392,2022.09.26,2420.0,130.0,2500.0,2500.0,2420.0,9962.0,384.0
393,2022.09.23,2550.0,35.0,2615.0,2615.0,2545.0,4146.0,385.0
394,2022.09.22,2585.0,15.0,2550.0,2595.0,2550.0,498.0,386.0
395,2022.09.21,2570.0,15.0,2615.0,2615.0,2555.0,2038.0,387.0
396,2022.09.20,2555.0,30.0,2585.0,2595.0,2555.0,3475.0,388.0
397,2022.09.19,2585.0,15.0,2580.0,2610.0,2570.0,3291.0,389.0
398,2022.09.16,2600.0,30.0,2610.0,2625.0,2595.0,2005.0,390.0
399,2022.09.15,2630.0,10.0,2615.0,2635.0,2615.0,672.0,391.0
400,2022.09.14,2640.0,25.0,2665.0,2665.0,2605.0,1531.0,392.0
401,2022.09.13,2665.0,0.0,2610.0,2665.0,2610.0,2843.0,393.0
402,2022.09.08,2665.0,65.0,2600.0,2665.0,2600.0,2459.0,394.0
403,2022.09.07,2600.0,75.0,2775.0,2775.0,2575.0,6537.0,395.0
404,2022.09.06,2675.0,20.0,2700.0,2700.0,2665.0,719.0,396.0
405,2022.09.05,2655.0,5.0,2665.0,2665.0,2650.0,4480.0,397.0
406,2022.09.02,2650.0,20.0,2660.0,2700.0,2615.0,2622.0,398.0
407,2022.09.01,2670.0,25.0,2745.0,2745.0,2655.0,3825.0,399.0
408,2022.08.31,2645.0,0.0,2610.0,2670.0,2610.0,4215.0,400.0
409,2022.08.30,2645.0,25.0,2600.0,2645.0,2600.0,1868.0,401.0
410,2022.08.29,2620.0,50.0,2660.0,2750.0,2620.0,8414.0,402.0
411,2022.08.26,2670.0,20.0,2755.0,2755.0,2670.0,1706.0,403.0
412,2022.08.25,2650.0,15.0,2610.0,2665.0,2610.0,915.0,404.0
413,2022.08.24,2635.0,15.0,2665.0,2665.0,2620.0,1541.0,405.0
414,2022.08.23,2620.0,105.0,2670.0,2705.0,2615.0,9741.0,406.0
415,2022.08.22,2725.0,5.0,2770.0,2770.0,2695.0,844.0,407.0
416,2022.08.19,2730.0,10.0,2810.0,2810.0,2715.0,676.0,408.0
417,2022.08.18,2740.0,0.0,2750.0,2750.0,2740.0,676.0,409.0
418,2022.08.17,2740.0,0.0,2720.0,2740.0,2660.0,4924.0,410.0
419,2022.08.16,2740.0,0.0,2790.0,2790.0,2715.0,2700.0,411.0
420,2022.08.12,2740.0,55.0,2805.0,2805.0,2705.0,4866.0,412.0
421,2022.08.11,2795.0,30.0,2795.0,2795.0,2765.0,2686.0,413.0
422,2022.08.10,2765.0,20.0,2705.0,2765.0,2700.0,15915.0,414.0
423,2022.08.09,2745.0,10.0,2800.0,2800.0,2715.0,1326.0,415.0
424,2022.08.08,2755.0,5.0,2680.0,2790.0,2680.0,296.0,416.0
425,2022.08.05,2750.0,15.0,2780.0,2780.0,2685.0,3169.0,417.0
426,2022.08.04,2735.0,40.0,2785.0,2785.0,2710.0,3358.0,418.0
427,2022.08.03,2695.0,40.0,2740.0,2740.0,2660.0,720.0,419.0
428,2022.08.02,2655.0,25.0,2725.0,2725.0,2630.0,5667.0,420.0
429,2022.08.01,2680.0,65.0,2645.0,2690.0,2645.0,3841.0,421.0
430,2022.07.29,2615.0,15.0,2650.0,2650.0,2575.0,7469.0,422.0
431,2022.07.28,2630.0,10.0,2655.0,2655.0,2620.0,618.0,423.0
432,2022.07.27,2620.0,5.0,2680.0,2680.0,2605.0,6440.0,424.0
433,2022.07.26,2625.0,15.0,2640.0,2640.0,2605.0,10939.0,425.0
434,2022.07.25,2640.0,10.0,2650.0,2650.0,2605.0,7155.0,426.0
435,2022.07.22,2630.0,5.0,2675.0,2675.0,2600.0,4074.0,427.0
436,2022.07.21,2625.0,35.0,2645.0,2645.0,2610.0,3063.0,428.0
437,2022.07.20,2590.0,20.0,2580.0,2600.0,2580.0,1795.0,429.0
438,2022.07.19,2570.0,35.0,2535.0,2590.0,2535.0,2963.0,430.0
439,2022.07.18,2535.0,30.0,2545.0,2545.0,2515.0,3321.0,431.0
440,2022.07.15,2505.0,20.0,2550.0,2550.0,2500.0,1767.0,432.0
441,2022.07.14,2525.0,35.0,2515.0,2540.0,2505.0,6760.0,433.0
442,2022.07.13,2560.0,10.0,2525.0,2560.0,2525.0,1389.0,434.0
443,2022.07.12,2550.0,55.0,2595.0,2595.0,2530.0,5482.0,435.0
444,2022.07.11,2605.0,25.0,2680.0,2680.0,2600.0,4364.0,436.0
445,2022.07.08,2630.0,10.0,2630.0,2675.0,2605.0,6665.0,437.0
446,2022.07.07,2640.0,60.0,2615.0,2640.0,2555.0,2915.0,438.0
447,2022.07.06,2580.0,25.0,2555.0,2580.0,2520.0,6264.0,439.0
448,2022.07.05,2555.0,5.0,2550.0,2575.0,2550.0,13384.0,440.0
449,2022.07.04,2550.0,35.0,2690.0,2690.0,2550.0,3008.0,441.0
450,2022.07.01,2585.0,15.0,2655.0,2655.0,2575.0,5349.0,442.0
451,2022.06.30,2600.0,45.0,2645.0,2665.0,2590.0,3551.0,443.0
452,2022.06.29,2645.0,50.0,2590.0,2650.0,2585.0,4126.0,444.0
453,2022.06.28,2595.0,5.0,2640.0,2640.0,2545.0,6181.0,445.0
454,2022.06.27,2590.0,90.0,2500.0,2605.0,2500.0,5943.0,446.0
455,2022.06.24,2500.0,40.0,2455.0,2500.0,2445.0,33243.0,447.0
456,2022.06.23,2460.0,145.0,2600.0,2600.0,2460.0,15285.0,448.0
457,2022.06.22,2605.0,15.0,2660.0,2660.0,2605.0,9651.0,449.0
458,2022.06.21,2590.0,5.0,2595.0,2600.0,2590.0,7406.0,450.0
459,2022.06.20,2595.0,105.0,2700.0,2700.0,2590.0,25064.0,451.0
460,2022.06.17,2700.0,20.0,2715.0,2715.0,2695.0,10953.0,452.0
461,2022.06.16,2720.0,20.0,2730.0,2740.0,2720.0,5345.0,453.0
462,2022.06.15,2700.0,120.0,2805.0,2840.0,2700.0,17169.0,454.0
463,2022.06.14,2820.0,40.0,2850.0,2850.0,2795.0,13381.0,455.0
464,2022.06.13,2860.0,110.0,2965.0,2965.0,2860.0,17177.0,456.0
465,2022.06.10,2970.0,35.0,2935.0,3000.0,2925.0,4848.0,457.0
466,2022.06.09,2935.0,25.0,2935.0,2950.0,2930.0,3450.0,458.0
467,2022.06.08,2960.0,0.0,2955.0,2970.0,2945.0,7354.0,459.0
468,2022.06.07,2960.0,30.0,3020.0,3020.0,2960.0,7265.0,460.0
469,2022.06.03,2990.0,15.0,3020.0,3020.0,2990.0,5191.0,461.0
470,2022.06.02,3005.0,0.0,3030.0,3050.0,2985.0,6063.0,462.0
471,2022.05.31,3005.0,60.0,2975.0,3070.0,2975.0,21797.0,463.0
472,2022.05.30,2945.0,25.0,2925.0,2945.0,2925.0,8045.0,464.0
473,2022.05.27,2920.0,5.0,2955.0,2955.0,2910.0,3511.0,465.0
474,2022.05.26,2915.0,5.0,2975.0,2975.0,2915.0,2655.0,466.0
475,2022.05.25,2910.0,45.0,2950.0,2950.0,2905.0,17070.0,467.0
476,2022.05.24,2955.0,45.0,3000.0,3000.0,2935.0,6575.0,468.0
477,2022.05.23,3000.0,0.0,3010.0,3010.0,3000.0,11680.0,469.0
478,2022.05.20,3000.0,15.0,3000.0,3010.0,2980.0,6177.0,470.0
479,2022.05.19,2985.0,5.0,2975.0,3010.0,2975.0,15482.0,471.0
480,2022.05.18,2990.0,20.0,3045.0,3045.0,2980.0,22622.0,472.0
481,2022.05.17,3010.0,0.0,3010.0,3035.0,3010.0,10753.0,473.0
482,2022.05.16,3010.0,0.0,3010.0,3065.0,3010.0,12189.0,474.0
483,2022.05.13,3010.0,10.0,3035.0,3040.0,3005.0,12386.0,475.0
484,2022.05.12,3000.0,90.0,3010.0,3060.0,3000.0,32779.0,476.0
485,2022.05.11,3090.0,15.0,3100.0,3120.0,3080.0,14272.0,477.0
486,2022.05.10,3105.0,5.0,3070.0,3105.0,3010.0,16354.0,478.0
487,2022.05.09,3110.0,60.0,3200.0,3200.0,3110.0,13686.0,479.0
488,2022.05.06,3170.0,15.0,3150.0,3390.0,3150.0,77070.0,480.0
489,2022.05.04,3155.0,20.0,3130.0,3215.0,3130.0,30268.0,481.0
490,2022.05.03,3135.0,25.0,3120.0,3150.0,3120.0,7826.0,482.0
491,2022.05.02,3110.0,20.0,3125.0,3140.0,3110.0,12646.0,483.0
492,2022.04.29,3130.0,10.0,3140.0,3180.0,3115.0,18855.0,484.0
493,2022.04.28,3140.0,40.0,3145.0,3145.0,3110.0,6451.0,485.0
494,2022.04.27,3100.0,45.0,3095.0,3100.0,3075.0,16616.0,486.0
495,2022.04.26,3145.0,45.0,3140.0,3145.0,3105.0,14104.0,487.0
496,2022.04.25,3100.0,100.0,3125.0,3125.0,3100.0,31267.0,488.0
497,2022.04.22,3200.0,25.0,3165.0,3200.0,3150.0,22439.0,489.0
498,2022.04.21,3175.0,20.0,3190.0,3245.0,3175.0,38494.0,490.0
499,2022.04.20,3155.0,0.0,3150.0,3175.0,3135.0,11157.0,491.0
500,2022.04.19,3155.0,35.0,3190.0,3190.0,3110.0,14795.0,492.0
501,2022.04.18,3190.0,45.0,3145.0,3200.0,3145.0,29516.0,493.0
502,2022.04.15,3145.0,5.0,3120.0,3145.0,3100.0,16126.0,494.0
503,2022.04.14,3140.0,20.0,3110.0,3140.0,3085.0,17754.0,495.0
504,2022.04.13,3120.0,75.0,3140.0,3140.0,3065.0,22860.0,496.0
505,2022.04.12,3045.0,15.0,3020.0,3045.0,3020.0,17345.0,497.0
506,2022.04.11,3030.0,10.0,3040.0,3045.0,3010.0,39531.0,498.0
507,2022.04.08,3020.0,35.0,3070.0,3085.0,3010.0,49092.0,499.0
508,2022.04.07,3055.0,80.0,3135.0,3135.0,3050.0,33548.0,500.0
509,2022.04.06,3135.0,25.0,3160.0,3160.0,3125.0,33930.0,501.0
510,2022.04.05,3160.0,15.0,3185.0,3185.0,3160.0,29500.0,502.0
511,2022.04.04,3175.0,75.0,3280.0,3280.0,3170.0,54718.0,503.0
512,2022.04.01,3250.0,395.0,3400.0,3400.0,3220.0,210956.0,504.0
513,2022.03.31,3645.0,495.0,3140.0,3850.0,3100.0,552873.0,505.0
514,2022.03.30,3150.0,70.0,3115.0,3205.0,3115.0,40554.0,506.0
515,2022.03.29,3080.0,15.0,3060.0,3080.0,3045.0,19710.0,507.0
516,2022.03.28,3065.0,0.0,3080.0,3080.0,3060.0,6946.0,508.0
517,2022.03.25,3065.0,15.0,3050.0,3070.0,3030.0,9509.0,509.0
518,2022.03.24,3050.0,20.0,3030.0,3065.0,3020.0,8972.0,510.0
519,2022.03.23,3030.0,45.0,3005.0,3075.0,3000.0,33368.0,511.0
520,2022.03.22,2985.0,15.0,3000.0,3000.0,2980.0,19196.0,512.0
521,2022.03.21,3000.0,20.0,3030.0,3030.0,3000.0,23271.0,513.0
522,2022.03.18,3020.0,10.0,3030.0,3030.0,2990.0,19800.0,514.0
523,2022.03.17,3010.0,10.0,3060.0,3060.0,3000.0,11115.0,515.0
524,2022.03.16,3020.0,40.0,3020.0,3020.0,3000.0,12667.0,516.0
525,2022.03.15,2980.0,20.0,2965.0,2980.0,2960.0,8941.0,517.0
526,2022.03.14,2960.0,15.0,2975.0,2975.0,2930.0,32376.0,518.0
527,2022.03.11,2975.0,60.0,2925.0,3010.0,2925.0,30263.0,519.0
528,2022.03.10,2915.0,10.0,3015.0,3015.0,2905.0,33542.0,520.0
529,2022.03.08,2905.0,45.0,2925.0,2945.0,2900.0,40562.0,521.0
530,2022.03.07,2950.0,130.0,3090.0,3090.0,2920.0,51478.0,522.0
531,2022.03.04,3080.0,0.0,3120.0,3120.0,3055.0,8591.0,523.0
532,2022.03.03,3080.0,35.0,3200.0,3200.0,3065.0,76708.0,524.0
533,2022.03.02,3045.0,115.0,2950.0,3070.0,2950.0,85987.0,525.0
534,2022.02.28,3160.0,100.0,3150.0,3240.0,3150.0,40278.0,526.0
535,2022.02.25,3060.0,15.0,3080.0,3080.0,3005.0,39607.0,527.0
536,2022.02.24,3045.0,195.0,3200.0,3200.0,3000.0,64944.0,528.0
537,2022.02.23,3240.0,30.0,3290.0,3315.0,3195.0,59082.0,529.0
538,2022.02.22,3270.0,220.0,3350.0,3445.0,3215.0,113679.0,530.0
539,2022.02.21,3490.0,95.0,3300.0,3625.0,3270.0,302604.0,531.0
540,2022.02.18,3395.0,325.0,3120.0,3680.0,3120.0,474019.0,532.0
541,2022.02.17,3070.0,10.0,3150.0,3200.0,3035.0,45121.0,533.0
542,2022.02.16,3080.0,80.0,3070.0,3080.0,3040.0,21523.0,534.0
543,2022.02.15,3000.0,135.0,3135.0,3135.0,2990.0,44848.0,535.0
544,2022.02.14,3135.0,10.0,3100.0,3160.0,3050.0,42663.0,536.0
545,2022.02.11,3145.0,50.0,3165.0,3165.0,3100.0,56057.0,537.0
546,2022.02.10,3195.0,10.0,3210.0,3225.0,3160.0,44035.0,538.0
547,2022.02.09,3205.0,55.0,3180.0,3205.0,3175.0,62295.0,539.0
548,2022.02.08,3150.0,80.0,3275.0,3390.0,3150.0,128250.0,540.0
549,2022.02.07,3230.0,120.0,3360.0,3360.0,3225.0,72335.0,541.0
550,2022.02.04,3350.0,70.0,3320.0,3390.0,3275.0,156328.0,542.0
551,2022.02.03,3420.0,80.0,3410.0,3420.0,3365.0,208746.0,543.0
552,2022.01.28,3500.0,335.0,3800.0,3800.0,3490.0,846641.0,544.0
553,2022.01.27,3835.0,30.0,4320.0,4410.0,3410.0,1055239.0,545.0
554,2022.01.26,3865.0,890.0,2975.0,3865.0,2975.0,322455.0,546.0
555,2022.01.25,2975.0,120.0,3150.0,3150.0,2975.0,12733.0,547.0
556,2022.01.24,3095.0,130.0,3200.0,3200.0,3065.0,13598.0,548.0
557,2022.01.21,3225.0,50.0,3175.0,3300.0,3150.0,34707.0,549.0
558,2022.01.20,3175.0,175.0,3000.0,3175.0,2980.0,22345.0,550.0
559,2022.01.19,3000.0,15.0,2980.0,3045.0,2980.0,8232.0,551.0
560,2022.01.18,2985.0,45.0,3010.0,3010.0,2980.0,15037.0,552.0
561,2022.01.17,3030.0,145.0,2930.0,3135.0,2930.0,46591.0,553.0
562,2022.01.14,2885.0,20.0,2885.0,2910.0,2875.0,7576.0,554.0
563,2022.01.13,2905.0,10.0,2865.0,2910.0,2865.0,4111.0,555.0
564,2022.01.12,2895.0,40.0,2845.0,2895.0,2845.0,7109.0,556.0
565,2022.01.11,2855.0,10.0,2885.0,2900.0,2855.0,10347.0,557.0
566,2022.01.10,2865.0,10.0,2850.0,2870.0,2850.0,5495.0,558.0
567,2022.01.07,2875.0,5.0,2880.0,2900.0,2855.0,17553.0,559.0
568,2022.01.06,2880.0,0.0,2875.0,2880.0,2870.0,3837.0,560.0
569,2022.01.05,2880.0,85.0,2995.0,2995.0,2805.0,17439.0,561.0
570,2022.01.04,2965.0,30.0,2975.0,2975.0,2905.0,2113.0,562.0
571,2022.01.03,2935.0,25.0,2970.0,2970.0,2910.0,7222.0,563.0
572,2021.12.30,2960.0,40.0,3000.0,3000.0,2935.0,21838.0,564.0
573,2021.12.29,3000.0,20.0,2980.0,3005.0,2975.0,7281.0,565.0
574,2021.12.28,2980.0,5.0,2960.0,2990.0,2950.0,5463.0,566.0
575,2021.12.27,2985.0,15.0,3070.0,3070.0,2985.0,6039.0,567.0
576,2021.12.24,3000.0,30.0,3075.0,3075.0,3000.0,14366.0,568.0
577,2021.12.23,3030.0,45.0,3105.0,3105.0,3030.0,12079.0,569.0
578,2021.12.22,3075.0,10.0,3140.0,3140.0,3030.0,6267.0,570.0
579,2021.12.21,3085.0,10.0,3090.0,3090.0,3075.0,924.0,571.0
580,2021.12.20,3095.0,75.0,3120.0,3130.0,3095.0,6427.0,572.0
581,2021.12.17,3170.0,70.0,3090.0,3170.0,3065.0,4387.0,573.0
582,2021.12.16,3100.0,100.0,3170.0,3200.0,3100.0,10355.0,574.0
583,2021.12.15,3200.0,50.0,3255.0,3255.0,3170.0,2104.0,575.0
584,2021.12.14,3250.0,10.0,3250.0,3260.0,3155.0,7851.0,576.0
585,2021.12.13,3260.0,40.0,3305.0,3330.0,3260.0,9075.0,577.0
586,2021.12.10,3300.0,140.0,3160.0,3350.0,3160.0,17587.0,578.0
587,2021.12.09,3160.0,30.0,3210.0,3210.0,3120.0,6348.0,579.0
588,2021.12.08,3190.0,30.0,3245.0,3245.0,3155.0,5326.0,580.0
589,2021.12.07,3160.0,35.0,3200.0,3200.0,3125.0,8214.0,581.0
590,2021.12.06,3195.0,245.0,2945.0,3195.0,2945.0,24565.0,582.0
591,2021.12.03,2950.0,145.0,2870.0,2950.0,2825.0,17897.0,583.0
592,2021.12.02,2805.0,20.0,2750.0,2845.0,2740.0,11876.0,584.0
593,2021.12.01,2785.0,30.0,2725.0,2785.0,2725.0,13401.0,585.0
594,2021.11.30,2755.0,80.0,2845.0,2910.0,2755.0,31129.0,586.0
595,2021.11.29,2835.0,5.0,2830.0,2885.0,2830.0,17681.0,587.0
596,2021.11.26,2830.0,145.0,3000.0,3000.0,2755.0,33885.0,588.0
597,2021.11.25,2975.0,20.0,3000.0,3000.0,2970.0,7853.0,589.0
598,2021.11.24,2995.0,95.0,3090.0,3100.0,2915.0,47246.0,590.0
599,2021.11.23,3090.0,50.0,3200.0,3200.0,3065.0,24692.0,591.0
600,2021.11.22,3140.0,40.0,3125.0,3185.0,3100.0,26405.0,592.0
601,2021.11.19,3100.0,30.0,3180.0,3180.0,3050.0,9811.0,593.0
602,2021.11.18,3130.0,25.0,3200.0,3200.0,3105.0,3995.0,594.0
603,2021.11.17,3155.0,85.0,3240.0,3240.0,3145.0,8072.0,595.0
604,2021.11.16,3240.0,40.0,3260.0,3260.0,3215.0,3470.0,596.0
605,2021.11.15,3280.0,45.0,3240.0,3280.0,3240.0,14626.0,597.0
606,2021.11.12,3235.0,50.0,3165.0,3270.0,3165.0,9846.0,598.0
607,2021.11.11,3185.0,95.0,3200.0,3205.0,3180.0,25131.0,599.0
608,2021.11.10,3280.0,125.0,3430.0,3430.0,3280.0,16744.0,600.0
609,2021.11.09,3405.0,45.0,3460.0,3460.0,3405.0,17007.0,601.0
610,2021.11.08,3450.0,5.0,3475.0,3475.0,3415.0,12168.0,602.0
611,2021.11.05,3445.0,60.0,3455.0,3455.0,3385.0,37046.0,603.0
612,2021.11.04,3385.0,30.0,3420.0,3420.0,3380.0,13490.0,604.0
613,2021.11.03,3415.0,60.0,3410.0,3500.0,3410.0,16991.0,605.0
614,2021.11.02,3475.0,35.0,3495.0,3495.0,3440.0,12366.0,606.0
615,2021.11.01,3440.0,5.0,3430.0,3445.0,3400.0,51688.0,607.0
616,2021.10.29,3435.0,5.0,3430.0,3450.0,3380.0,6397.0,608.0
617,2021.10.28,3430.0,15.0,3465.0,3465.0,3425.0,8163.0,609.0
618,2021.10.27,3445.0,45.0,3540.0,3540.0,3425.0,12663.0,610.0
619,2021.10.26,3400.0,0.0,3360.0,3440.0,3360.0,15509.0,611.0
620,2021.10.25,3400.0,5.0,3390.0,3480.0,3380.0,12925.0,612.0
621,2021.10.22,3395.0,5.0,3465.0,3465.0,3395.0,3650.0,613.0
622,2021.10.21,3400.0,100.0,3410.0,3485.0,3400.0,23341.0,614.0
623,2021.10.20,3500.0,40.0,3430.0,3500.0,3430.0,12109.0,615.0
624,2021.10.19,3460.0,5.0,3450.0,3510.0,3450.0,12941.0,616.0
625,2021.10.18,3465.0,35.0,3485.0,3485.0,3420.0,13653.0,617.0
626,2021.10.15,3430.0,45.0,3385.0,3430.0,3385.0,6732.0,618.0
627,2021.10.14,3385.0,35.0,3325.0,3405.0,3325.0,15143.0,619.0
628,2021.10.13,3350.0,120.0,3230.0,3350.0,3230.0,20267.0,620.0
629,2021.10.12,3230.0,10.0,3150.0,3230.0,3150.0,17827.0,621.0
630,2021.10.08,3240.0,10.0,3230.0,3265.0,3200.0,19271.0,622.0
631,2021.10.07,3230.0,45.0,3200.0,3230.0,3150.0,21917.0,623.0
632,2021.10.06,3185.0,215.0,3400.0,3495.0,3185.0,29218.0,624.0
633,2021.10.05,3400.0,105.0,3550.0,3550.0,3400.0,24669.0,625.0
634,2021.10.01,3505.0,150.0,3610.0,3610.0,3505.0,12698.0,626.0
635,2021.09.30,3655.0,5.0,3700.0,3705.0,3650.0,8092.0,627.0
636,2021.09.29,3650.0,130.0,3505.0,3680.0,3505.0,19860.0,628.0
637,2021.09.28,3780.0,25.0,3895.0,3950.0,3780.0,56904.0,629.0
638,2021.09.27,3805.0,115.0,3680.0,3805.0,3680.0,18536.0,630.0
639,2021.09.24,3690.0,40.0,3730.0,3800.0,3670.0,7196.0,631.0
640,2021.09.23,3730.0,70.0,3660.0,3800.0,3640.0,10976.0,632.0
641,2021.09.17,3660.0,55.0,3675.0,3675.0,3650.0,26879.0,633.0
642,2021.09.16,3715.0,55.0,3870.0,3870.0,3700.0,7085.0,634.0
643,2021.09.15,3770.0,15.0,3710.0,3790.0,3710.0,6289.0,635.0
644,2021.09.14,3785.0,120.0,3650.0,3800.0,3650.0,8215.0,636.0
645,2021.09.13,3665.0,110.0,3780.0,3780.0,3660.0,10065.0,637.0
646,2021.09.10,3775.0,45.0,3655.0,3790.0,3655.0,12831.0,638.0
647,2021.09.09,3730.0,0.0,3840.0,3840.0,3725.0,32036.0,639.0
648,2021.09.08,3730.0,70.0,3800.0,3800.0,3720.0,36653.0,640.0
649,2021.09.07,3800.0,50.0,3880.0,3880.0,3750.0,21412.0,641.0
650,2021.09.06,3850.0,95.0,3900.0,3900.0,3840.0,29608.0,642.0
651,2021.09.03,3945.0,130.0,4075.0,4075.0,3920.0,41042.0,643.0
652,2021.09.02,4075.0,0.0,4190.0,4190.0,4030.0,39482.0,644.0
653,2021.09.01,4075.0,100.0,4000.0,4075.0,3980.0,40492.0,645.0
654,2021.08.31,3975.0,65.0,3905.0,3975.0,3865.0,21757.0,646.0
655,2021.08.30,3910.0,75.0,3860.0,3910.0,3860.0,41338.0,647.0
656,2021.08.27,3835.0,35.0,3880.0,3880.0,3805.0,27239.0,648.0
657,2021.08.26,3800.0,20.0,3820.0,3825.0,3785.0,24226.0,649.0
658,2021.08.25,3780.0,25.0,3860.0,3860.0,3760.0,53713.0,650.0
659,2021.08.24,3805.0,10.0,3850.0,3890.0,3795.0,34678.0,651.0
660,2021.08.23,3795.0,70.0,3920.0,3920.0,3760.0,29788.0,652.0
661,2021.08.20,3725.0,100.0,3870.0,3870.0,3725.0,22186.0,653.0
662,2021.08.19,3825.0,85.0,3965.0,3985.0,3815.0,24095.0,654.0
663,2021.08.18,3910.0,35.0,3850.0,4060.0,3850.0,24210.0,655.0
664,2021.08.17,3875.0,155.0,4050.0,4050.0,3815.0,37390.0,656.0
665,2021.08.13,4030.0,170.0,4210.0,4210.0,3990.0,37417.0,657.0
666,2021.08.12,4200.0,50.0,4150.0,4205.0,4140.0,30322.0,658.0
667,2021.08.11,4150.0,115.0,4205.0,4205.0,4145.0,40645.0,659.0
668,2021.08.10,4265.0,90.0,4400.0,4400.0,4255.0,27627.0,660.0
669,2021.08.09,4355.0,145.0,4455.0,4455.0,4355.0,49311.0,661.0
670,2021.08.06,4500.0,190.0,4595.0,4595.0,4490.0,40056.0,662.0
671,2021.08.05,4690.0,155.0,4645.0,4755.0,4645.0,51017.0,663.0
672,2021.08.04,4535.0,85.0,4445.0,4585.0,4445.0,17446.0,664.0
673,2021.08.03,4450.0,220.0,4670.0,4670.0,4450.0,60126.0,665.0
674,2021.08.02,4670.0,190.0,4900.0,4900.0,4670.0,41744.0,666.0
675,2021.07.30,4860.0,60.0,4970.0,5000.0,4850.0,58729.0,667.0
676,2021.07.29,4920.0,145.0,4935.0,4990.0,4880.0,51199.0,668.0
677,2021.07.28,4775.0,325.0,4965.0,4965.0,4775.0,67339.0,669.0
678,2021.07.27,5100.0,40.0,5050.0,5180.0,5040.0,121381.0,670.0
679,2021.07.26,5060.0,485.0,4900.0,5080.0,4800.0,196224.0,671.0
680,2021.07.23,4575.0,95.0,4605.0,4680.0,4575.0,60146.0,672.0
681,2021.07.22,4670.0,120.0,4755.0,4755.0,4660.0,53590.0,673.0
682,2021.07.21,4790.0,90.0,4950.0,4950.0,4730.0,61322.0,674.0
683,2021.07.20,4880.0,45.0,4850.0,4950.0,4850.0,55673.0,675.0
684,2021.07.19,4925.0,65.0,4830.0,5050.0,4830.0,83725.0,676.0
685,2021.07.16,4990.0,100.0,5050.0,5050.0,4940.0,61412.0,677.0
686,2021.07.15,5090.0,90.0,4970.0,5120.0,4930.0,73601.0,678.0
687,2021.07.14,5000.0,130.0,5050.0,5130.0,4930.0,119333.0,679.0
688,2021.07.13,5130.0,250.0,5270.0,5300.0,5070.0,218519.0,680.0
689,2021.07.12,5380.0,210.0,5220.0,5530.0,5220.0,119359.0,681.0
690,2021.07.09,5170.0,280.0,5260.0,5310.0,5100.0,148602.0,682.0
691,2021.07.08,5450.0,150.0,5450.0,5450.0,5200.0,148406.0,683.0
692,2021.07.07,5600.0,300.0,5630.0,5630.0,5510.0,156560.0,684.0
693,2021.07.06,5900.0,400.0,5730.0,5900.0,5520.0,286361.0,685.0
694,2021.07.05,5500.0,90.0,5590.0,5590.0,5210.0,234066.0,686.0
695,2021.07.02,5590.0,450.0,5850.0,5970.0,5210.0,506245.0,687.0
696,2021.07.01,6040.0,460.0,6360.0,6360.0,5900.0,365131.0,688.0
697,2021.06.30,6500.0,140.0,6780.0,6800.0,6270.0,318343.0,689.0
698,2021.06.29,6640.0,1560.0,7910.0,7910.0,6640.0,494127.0,690.0
699,2021.06.28,8200.0,200.0,8100.0,8640.0,8070.0,314156.0,691.0
700,2021.06.25,8400.0,70.0,8800.0,9000.0,7870.0,528415.0,692.0
701,2021.06.24,8330.0,1080.0,7090.0,9420.0,7090.0,1002410.0,693.0
702,2021.06.23,7250.0,1750.0,8280.0,8280.0,7200.0,681648.0,694.0
703,2021.06.22,9000.0,100.0,8910.0,10500.0,8910.0,1100871.0,695.0
704,2021.06.21,9100.0,2100.0,7990.0,9100.0,7990.0,819129.0,696.0
705,2021.06.18,7000.0,520.0,6000.0,7000.0,6000.0,561731.0,697.0
706,2021.06.17,6480.0,430.0,7100.0,7250.0,5640.0,1844311.0,698.0
707,2021.06.16,6050.0,1390.0,5410.0,6050.0,5410.0,860606.0,699.0
708,2021.06.15,4660.0,1075.0,3680.0,4660.0,3620.0,4289446.0,700.0
709,2021.06.14,3585.0,10.0,3570.0,3690.0,3500.0,236641.0,701.0
710,2021.06.11,3575.0,25.0,3700.0,3720.0,3500.0,311704.0,702.0
711,2021.06.10,3600.0,400.0,4075.0,4220.0,3600.0,650025.0,703.0
712,2021.06.09,4000.0,480.0,3515.0,4575.0,3515.0,906217.0,704.0
713,2021.06.08,3520.0,130.0,3660.0,3660.0,3500.0,81310.0,705.0
714,2021.06.07,3650.0,110.0,3640.0,3650.0,3610.0,51316.0,706.0
715,2021.06.04,3540.0,20.0,3505.0,3540.0,3450.0,69983.0,707.0
716,2021.06.03,3560.0,50.0,3540.0,3615.0,3515.0,92009.0,708.0
717,2021.06.02,3510.0,290.0,3700.0,3700.0,3510.0,176489.0,709.0
718,2021.06.01,3800.0,480.0,3315.0,4195.0,3310.0,446149.0,710.0
719,2021.05.31,3320.0,115.0,3445.0,3450.0,3255.0,40597.0,711.0
720,2021.05.28,3435.0,200.0,3475.0,3475.0,3235.0,58779.0,712.0
721,2021.05.27,3235.0,35.0,3200.0,3235.0,3135.0,22676.0,713.0
722,2021.05.26,3200.0,35.0,3120.0,3240.0,3085.0,38828.0,714.0
723,2021.05.25,3165.0,0.0,3205.0,3245.0,3150.0,10595.0,715.0
724,2021.05.24,3165.0,175.0,3310.0,3310.0,3165.0,29418.0,716.0
725,2021.05.21,3340.0,60.0,3420.0,3530.0,3340.0,57175.0,717.0
726,2021.05.20,3400.0,10.0,3330.0,3415.0,3330.0,32064.0,718.0
727,2021.05.18,3390.0,130.0,3520.0,3520.0,3380.0,31220.0,719.0
728,2021.05.17,3520.0,25.0,3545.0,3575.0,3515.0,38115.0,720.0
729,2021.05.14,3545.0,25.0,3505.0,3610.0,3500.0,76070.0,721.0
730,2021.05.13,3570.0,230.0,3340.0,3685.0,3340.0,135158.0,722.0
731,2021.05.12,3340.0,95.0,3490.0,3490.0,3310.0,55844.0,723.0
732,2021.05.11,3435.0,55.0,3460.0,3460.0,3260.0,114109.0,724.0
733,2021.05.10,3490.0,45.0,3500.0,3780.0,3450.0,144548.0,725.0
734,2021.05.07,3445.0,330.0,3800.0,3800.0,3000.0,506281.0,726.0
735,2021.05.06,3775.0,870.0,3050.0,3775.0,3050.0,354662.0,727.0
736,2021.05.04,2905.0,65.0,2970.0,2970.0,2870.0,21569.0,728.0
737,2021.05.03,2970.0,65.0,3040.0,3060.0,2910.0,27642.0,729.0
738,2021.04.30,3035.0,70.0,2930.0,3035.0,2930.0,27502.0,730.0
739,2021.04.29,2965.0,20.0,2945.0,3030.0,2945.0,23196.0,731.0
740,2021.04.28,2945.0,40.0,3030.0,3030.0,2945.0,23065.0,732.0
741,2021.04.27,2985.0,20.0,3000.0,3040.0,2910.0,26299.0,733.0
742,2021.04.26,3005.0,110.0,2865.0,3025.0,2855.0,39152.0,734.0
743,2021.04.23,2895.0,105.0,3050.0,3050.0,2800.0,44214.0,735.0
744,2021.04.22,3000.0,200.0,3035.0,3035.0,2970.0,78086.0,736.0
745,2021.04.21,3200.0,220.0,3555.0,3600.0,3050.0,421166.0,737.0
746,2021.04.20,2980.0,280.0,2770.0,2980.0,2770.0,116513.0,738.0
747,2021.04.19,2700.0,20.0,2725.0,2730.0,2680.0,29397.0,739.0
748,2021.04.16,2680.0,70.0,2625.0,2680.0,2600.0,49373.0,740.0
749,2021.04.15,2610.0,50.0,2570.0,2620.0,2570.0,15465.0,741.0
750,2021.04.14,2560.0,20.0,2540.0,2560.0,2540.0,41985.0,742.0
751,2021.04.13,2540.0,0.0,2540.0,2550.0,2535.0,10851.0,743.0
752,2021.04.12,2540.0,10.0,2530.0,2550.0,2530.0,15001.0,744.0
753,2021.04.09,2530.0,15.0,2545.0,2545.0,2525.0,13104.0,745.0
754,2021.04.08,2545.0,25.0,2555.0,2555.0,2530.0,17240.0,746.0
755,2021.04.07,2520.0,5.0,2525.0,2525.0,2500.0,19791.0,747.0
756,2021.04.06,2525.0,0.0,2580.0,2580.0,2525.0,16808.0,748.0
757,2021.04.05,2525.0,10.0,2550.0,2550.0,2525.0,7812.0,749.0
758,2021.04.02,2515.0,35.0,2550.0,2555.0,2515.0,20002.0,750.0
759,2021.04.01,2550.0,25.0,2565.0,2565.0,2530.0,21248.0,751.0
760,2021.03.31,2575.0,40.0,2505.0,2575.0,2505.0,25625.0,752.0
761,2021.03.30,2535.0,40.0,2550.0,2575.0,2535.0,21700.0,753.0
762,2021.03.29,2575.0,5.0,2580.0,2580.0,2555.0,19672.0,754.0
763,2021.03.26,2570.0,40.0,2590.0,2590.0,2550.0,11542.0,755.0
764,2021.03.25,2530.0,15.0,2500.0,2535.0,2500.0,14987.0,756.0
765,2021.03.24,2515.0,10.0,2555.0,2555.0,2510.0,2250.0,757.0
766,2021.03.23,2505.0,70.0,2550.0,2585.0,2505.0,10941.0,758.0
767,2021.03.22,2575.0,25.0,2645.0,2645.0,2535.0,7229.0,759.0
768,2021.03.19,2600.0,15.0,2620.0,2620.0,2585.0,3334.0,760.0
769,2021.03.18,2585.0,5.0,2565.0,2600.0,2565.0,4263.0,761.0
770,2021.03.17,2580.0,5.0,2565.0,2630.0,2565.0,2276.0,762.0
771,2021.03.16,2575.0,60.0,2610.0,2610.0,2575.0,9893.0,763.0
772,2021.03.15,2635.0,115.0,2520.0,2650.0,2515.0,48324.0,764.0
773,2021.03.12,2520.0,10.0,2525.0,2530.0,2520.0,6051.0,765.0
774,2021.03.11,2510.0,20.0,2520.0,2520.0,2510.0,7347.0,766.0
775,2021.03.10,2490.0,10.0,2490.0,2525.0,2490.0,15706.0,767.0
776,2021.03.09,2500.0,50.0,2555.0,2555.0,2495.0,9976.0,768.0
777,2021.03.08,2550.0,5.0,2545.0,2550.0,2540.0,6739.0,769.0
778,2021.03.05,2555.0,5.0,2550.0,2560.0,2545.0,5974.0,770.0
779,2021.03.04,2550.0,10.0,2510.0,2550.0,2510.0,6310.0,771.0
780,2021.03.03,2560.0,40.0,2600.0,2600.0,2550.0,4940.0,772.0
781,2021.03.02,2600.0,110.0,2520.0,2685.0,2510.0,23145.0,773.0
782,2021.02.26,2490.0,95.0,2570.0,2570.0,2400.0,17071.0,774.0
783,2021.02.25,2585.0,5.0,2590.0,2620.0,2585.0,22564.0,775.0
784,2021.02.24,2590.0,25.0,2635.0,2635.0,2590.0,17230.0,776.0
785,2021.02.23,2615.0,45.0,2620.0,2650.0,2605.0,7483.0,777.0
786,2021.02.22,2660.0,60.0,2650.0,2665.0,2650.0,14115.0,778.0
787,2021.02.19,2600.0,50.0,2650.0,2650.0,2600.0,21633.0,779.0
788,2021.02.18,2650.0,75.0,2685.0,2685.0,2650.0,14906.0,780.0
789,2021.02.17,2725.0,70.0,2765.0,2765.0,2710.0,16433.0,781.0
790,2021.02.16,2795.0,80.0,2700.0,2800.0,2680.0,70325.0,782.0
791,2021.02.15,2715.0,475.0,2810.0,2845.0,2715.0,99200.0,783.0
792,2021.02.10,3190.0,650.0,2445.0,3190.0,2445.0,109919.0,784.0
793,2021.02.09,2540.0,150.0,2400.0,2540.0,2400.0,9492.0,785.0
794,2021.02.08,2390.0,100.0,2490.0,2490.0,2155.0,27825.0,786.0
795,2021.02.05,2490.0,70.0,2445.0,2490.0,2425.0,12018.0,787.0
796,2021.02.04,2420.0,15.0,2445.0,2445.0,2420.0,3619.0,788.0
797,2021.02.03,2435.0,25.0,2430.0,2475.0,2405.0,5243.0,789.0
798,2021.02.02,2410.0,25.0,2400.0,2530.0,2400.0,16216.0,790.0
799,2021.02.01,2385.0,95.0,2475.0,2475.0,2340.0,82557.0,791.0
800,2021.01.29,2480.0,95.0,2585.0,2585.0,2475.0,10675.0,792.0
801,2021.01.28,2575.0,15.0,2515.0,2580.0,2515.0,20191.0,793.0
802,2021.01.27,2590.0,20.0,2590.0,2615.0,2585.0,11004.0,794.0
803,2021.01.26,2610.0,35.0,2690.0,2690.0,2610.0,40432.0,795.0
804,2021.01.25,2645.0,5.0,2700.0,2700.0,2645.0,11784.0,796.0
805,2021.01.22,2650.0,55.0,2750.0,2750.0,2610.0,34227.0,797.0
806,2021.01.21,2705.0,80.0,2655.0,2705.0,2655.0,18218.0,798.0
807,2021.01.20,2625.0,65.0,2600.0,2625.0,2600.0,17334.0,799.0
808,2021.01.19,2560.0,100.0,2570.0,2570.0,2510.0,20211.0,800.0
809,2021.01.18,2460.0,60.0,2520.0,2520.0,2460.0,25830.0,801.0
810,2021.01.15,2520.0,235.0,2755.0,2760.0,1935.0,152139.0,802.0
811,2021.01.14,2755.0,45.0,2805.0,2805.0,2750.0,10166.0,803.0
812,2021.01.13,2800.0,75.0,2705.0,2815.0,2705.0,13656.0,804.0
813,2021.01.12,2725.0,85.0,2760.0,2760.0,2725.0,13092.0,805.0
814,2021.01.11,2810.0,100.0,2940.0,2940.0,2800.0,23795.0,806.0
815,2021.01.08,2910.0,85.0,3000.0,3000.0,2895.0,60369.0,807.0
816,2021.01.07,2995.0,35.0,2930.0,3020.0,2890.0,38172.0,808.0
817,2021.01.06,2960.0,60.0,3020.0,3020.0,2865.0,65824.0,809.0
818,2021.01.05,3020.0,305.0,3345.0,3540.0,2980.0,343527.0,810.0
819,2021.01.04,3325.0,765.0,2590.0,3325.0,2590.0,248891.0,811.0
820,2020.12.30,2560.0,25.0,2595.0,2605.0,2560.0,14793.0,812.0
821,2020.12.29,2535.0,70.0,2425.0,2535.0,2425.0,10727.0,813.0
822,2020.12.28,2465.0,15.0,2450.0,2470.0,2450.0,8426.0,814.0
823,2020.12.24,2450.0,0.0,2420.0,2450.0,2355.0,22790.0,815.0
824,2020.12.23,2450.0,145.0,2580.0,2580.0,2450.0,20828.0,816.0
825,2020.12.22,2595.0,45.0,2670.0,2680.0,2595.0,24519.0,817.0
826,2020.12.21,2640.0,50.0,2630.0,2695.0,2605.0,36817.0,818.0
827,2020.12.18,2590.0,45.0,2525.0,2630.0,2525.0,34184.0,819.0
828,2020.12.17,2545.0,10.0,2505.0,2585.0,2505.0,24334.0,820.0
829,2020.12.16,2535.0,75.0,2450.0,2535.0,2430.0,31920.0,821.0
830,2020.12.15,2460.0,250.0,2700.0,2700.0,2360.0,93234.0,822.0
831,2020.12.14,2710.0,90.0,2840.0,2840.0,2700.0,60385.0,823.0
832,2020.12.11,2800.0,40.0,2840.0,2845.0,2800.0,42126.0,824.0
833,2020.12.10,2840.0,220.0,3015.0,3015.0,2690.0,81054.0,825.0
834,2020.12.09,3060.0,30.0,3090.0,3130.0,3025.0,38279.0,826.0
835,2020.12.08,3090.0,70.0,3160.0,3215.0,3035.0,48823.0,827.0
836,2020.12.07,3160.0,140.0,3295.0,3325.0,3150.0,51099.0,828.0
837,2020.12.04,3300.0,50.0,3375.0,3400.0,3295.0,41471.0,829.0
838,2020.12.03,3350.0,60.0,3305.0,3420.0,3290.0,70561.0,830.0
839,2020.12.02,3290.0,10.0,3300.0,3350.0,3270.0,52283.0,831.0
840,2020.12.01,3300.0,0.0,3290.0,3340.0,3230.0,66437.0,832.0
841,2020.11.30,3300.0,85.0,3425.0,3425.0,3300.0,91259.0,833.0
842,2020.11.27,3385.0,50.0,3400.0,3425.0,3295.0,159064.0,834.0
843,2020.11.26,3435.0,260.0,3710.0,3740.0,3435.0,140841.0,835.0
844,2020.11.25,3695.0,130.0,3795.0,3835.0,3655.0,55300.0,836.0
845,2020.11.24,3825.0,15.0,3795.0,3845.0,3780.0,23935.0,837.0
846,2020.11.23,3810.0,75.0,3730.0,3845.0,3710.0,43835.0,838.0
847,2020.11.20,3735.0,80.0,3675.0,3865.0,3645.0,105456.0,839.0
848,2020.11.19,3655.0,15.0,3685.0,3720.0,3615.0,25719.0,840.0
849,2020.11.18,3670.0,35.0,3640.0,3780.0,3640.0,28083.0,841.0
850,2020.11.17,3635.0,75.0,3715.0,3730.0,3635.0,23113.0,842.0
851,2020.11.16,3710.0,30.0,3765.0,3765.0,3690.0,26077.0,843.0
852,2020.11.13,3740.0,25.0,3750.0,3775.0,3685.0,41211.0,844.0
853,2020.11.12,3765.0,10.0,3795.0,3830.0,3730.0,29472.0,845.0
854,2020.11.11,3775.0,25.0,3795.0,3800.0,3740.0,53507.0,846.0
855,2020.11.10,3800.0,100.0,3900.0,3900.0,3750.0,61528.0,847.0
856,2020.11.09,3900.0,40.0,3835.0,3940.0,3835.0,33667.0,848.0
857,2020.11.06,3860.0,10.0,3870.0,3950.0,3825.0,58133.0,849.0
858,2020.11.05,3870.0,50.0,3920.0,3930.0,3835.0,46147.0,850.0
859,2020.11.04,3920.0,105.0,4025.0,4070.0,3905.0,76185.0,851.0
860,2020.11.03,4025.0,5.0,4040.0,4070.0,3955.0,82070.0,852.0
861,2020.11.02,4020.0,170.0,3850.0,4055.0,3800.0,148338.0,853.0
862,2020.10.30,3850.0,80.0,3805.0,4075.0,3775.0,191353.0,854.0
863,2020.10.29,3770.0,55.0,3790.0,3830.0,3700.0,65959.0,855.0
864,2020.10.28,3825.0,5.0,3875.0,3885.0,3815.0,69090.0,856.0
865,2020.10.27,3830.0,20.0,3820.0,3905.0,3700.0,82486.0,857.0
866,2020.10.26,3850.0,250.0,4130.0,4430.0,3850.0,235695.0,858.0
867,2020.10.23,4100.0,220.0,3880.0,4180.0,3760.0,267906.0,859.0
868,2020.10.22,3880.0,0.0,3990.0,4270.0,3740.0,350271.0,860.0
869,2020.10.21,3880.0,260.0,3615.0,3995.0,3595.0,406844.0,861.0
870,2020.10.20,3620.0,5.0,3630.0,3800.0,3545.0,163016.0,862.0
871,2020.10.19,3625.0,110.0,3735.0,3880.0,3570.0,188137.0,863.0
872,2020.10.16,3735.0,145.0,3920.0,5000.0,3550.0,2193783.0,864.0
873,2020.10.15,3880.0,190.0,3755.0,4075.0,3660.0,522037.0,865.0
874,2020.10.14,3690.0,10.0,3650.0,3890.0,3640.0,273257.0,866.0
875,2020.10.13,3680.0,170.0,3510.0,3775.0,3490.0,194091.0,867.0
876,2020.10.12,3510.0,25.0,3520.0,3580.0,3485.0,82580.0,868.0
877,2020.10.08,3485.0,85.0,3420.0,3500.0,3420.0,48172.0,869.0
878,2020.10.07,3400.0,10.0,3425.0,3435.0,3390.0,19766.0,870.0
879,2020.10.06,3410.0,15.0,3455.0,3470.0,3410.0,36950.0,871.0
880,2020.10.05,3425.0,65.0,3525.0,3525.0,3400.0,77154.0,872.0
881,2020.09.29,3490.0,35.0,3460.0,3525.0,3440.0,35542.0,873.0
882,2020.09.28,3455.0,30.0,3450.0,3510.0,3450.0,48272.0,874.0
883,2020.09.25,3485.0,20.0,3405.0,3525.0,3395.0,67147.0,875.0
884,2020.09.24,3465.0,95.0,3500.0,3560.0,3340.0,96700.0,876.0
885,2020.09.23,3560.0,15.0,3570.0,3675.0,3495.0,46536.0,877.0
886,2020.09.22,3545.0,240.0,3805.0,3870.0,3500.0,175702.0,878.0
887,2020.09.21,3785.0,185.0,3995.0,4040.0,3615.0,225216.0,879.0
888,2020.09.18,3970.0,225.0,3870.0,4800.0,3810.0,1922296.0,880.0
889,2020.09.17,3745.0,20.0,3720.0,3855.0,3600.0,105880.0,881.0
890,2020.09.16,3725.0,80.0,3840.0,3980.0,3595.0,181417.0,882.0
891,2020.09.15,3805.0,190.0,3695.0,3990.0,3500.0,434008.0,883.0
892,2020.09.14,3615.0,245.0,3420.0,3615.0,3340.0,116966.0,884.0
893,2020.09.11,3370.0,70.0,3445.0,3500.0,3305.0,66299.0,885.0
894,2020.09.10,3440.0,0.0,3470.0,3475.0,3380.0,27342.0,886.0
895,2020.09.09,3440.0,85.0,3315.0,3455.0,3250.0,64100.0,887.0
896,2020.09.08,3355.0,285.0,3650.0,3655.0,3295.0,200052.0,888.0
897,2020.09.07,3640.0,290.0,3405.0,3990.0,3405.0,554609.0,889.0
898,2020.09.04,3350.0,70.0,3395.0,3470.0,3165.0,93752.0,890.0
899,2020.09.03,3420.0,70.0,3315.0,3555.0,3315.0,84199.0,891.0
900,2020.09.02,3350.0,0.0,3395.0,3395.0,3310.0,36797.0,892.0
901,2020.09.01,3350.0,110.0,3295.0,3490.0,3290.0,101075.0,893.0
902,2020.08.31,3240.0,70.0,3210.0,3260.0,3175.0,50850.0,894.0
903,2020.08.28,3170.0,90.0,3075.0,3355.0,3045.0,99680.0,895.0
904,2020.08.27,3080.0,50.0,3130.0,3130.0,3020.0,41322.0,896.0
905,2020.08.26,3130.0,10.0,3145.0,3145.0,3065.0,29310.0,897.0
906,2020.08.25,3120.0,35.0,3085.0,3160.0,3025.0,30915.0,898.0
907,2020.08.24,3085.0,60.0,3145.0,3200.0,2980.0,45643.0,899.0
908,2020.08.21,3145.0,45.0,3140.0,3255.0,3055.0,49240.0,900.0
909,2020.08.20,3100.0,235.0,3445.0,3445.0,3055.0,50093.0,901.0
910,2020.08.19,3335.0,115.0,3320.0,3395.0,3260.0,33363.0,902.0
911,2020.08.18,3220.0,480.0,3690.0,3730.0,3220.0,120551.0,903.0
912,2020.08.14,3700.0,90.0,3850.0,3850.0,3650.0,53617.0,904.0
913,2020.08.13,3790.0,95.0,3775.0,3850.0,3655.0,132571.0,905.0
914,2020.08.12,3695.0,15.0,3740.0,3780.0,3620.0,65026.0,906.0
915,2020.08.11,3710.0,60.0,3715.0,3735.0,3590.0,119242.0,907.0
916,2020.08.10,3650.0,35.0,3660.0,3720.0,3590.0,83052.0,908.0
917,2020.08.07,3685.0,60.0,3625.0,3700.0,3605.0,49289.0,909.0
918,2020.08.06,3625.0,5.0,3630.0,3645.0,3575.0,60250.0,910.0
919,2020.08.05,3620.0,0.0,3670.0,3670.0,3565.0,48611.0,911.0
920,2020.08.04,3620.0,35.0,3640.0,3670.0,3595.0,36409.0,912.0
921,2020.08.03,3585.0,125.0,3745.0,3790.0,3565.0,96622.0,913.0
922,2020.07.31,3710.0,160.0,3860.0,3875.0,3690.0,92945.0,914.0
923,2020.07.30,3870.0,50.0,3890.0,3920.0,3820.0,89316.0,915.0
924,2020.07.29,3920.0,85.0,3835.0,3975.0,3755.0,187868.0,916.0
925,2020.07.28,3835.0,95.0,3980.0,3980.0,3810.0,88401.0,917.0
926,2020.07.27,3930.0,160.0,3760.0,4100.0,3760.0,285399.0,918.0
927,2020.07.24,3770.0,130.0,3600.0,3955.0,3570.0,309513.0,919.0
928,2020.07.23,3640.0,35.0,3735.0,3770.0,3605.0,131936.0,920.0
929,2020.07.22,3675.0,40.0,3550.0,3750.0,3550.0,94752.0,921.0
930,2020.07.21,3635.0,95.0,3620.0,3675.0,3515.0,90973.0,922.0
931,2020.07.20,3540.0,175.0,3755.0,3755.0,3490.0,150490.0,923.0
932,2020.07.17,3715.0,50.0,3700.0,3770.0,3650.0,59576.0,924.0
933,2020.07.16,3665.0,135.0,3730.0,3815.0,3650.0,99921.0,925.0
934,2020.07.15,3800.0,60.0,3825.0,3980.0,3700.0,83359.0,926.0
935,2020.07.14,3860.0,25.0,3850.0,3860.0,3610.0,106218.0,927.0
936,2020.07.13,3835.0,120.0,3955.0,4030.0,3745.0,123455.0,928.0
937,2020.07.10,3955.0,300.0,4240.0,4260.0,3885.0,242090.0,929.0
938,2020.07.09,4255.0,5.0,4265.0,4450.0,4180.0,173628.0,930.0
939,2020.07.08,4250.0,35.0,4160.0,4500.0,3900.0,355774.0,931.0
940,2020.07.07,4285.0,365.0,4650.0,4650.0,4210.0,319549.0,932.0
941,2020.07.06,4650.0,250.0,4930.0,4930.0,4215.0,447631.0,933.0
942,2020.07.03,4900.0,210.0,5210.0,5470.0,4690.0,496818.0,934.0
943,2020.07.02,5110.0,390.0,4785.0,5450.0,4760.0,1356809.0,935.0
944,2020.07.01,4720.0,610.0,4075.0,5070.0,3945.0,2242438.0,936.0
945,2020.06.30,4110.0,130.0,4240.0,5370.0,3855.0,2754273.0,937.0
946,2020.06.29,4240.0,975.0,3170.0,4240.0,3130.0,1524870.0,938.0
947,2020.06.26,3265.0,60.0,3300.0,3400.0,3120.0,135872.0,939.0
948,2020.06.25,3205.0,85.0,3275.0,3350.0,3100.0,113199.0,940.0
949,2020.06.24,3290.0,240.0,3110.0,3500.0,3110.0,347852.0,941.0
950,2020.06.23,3050.0,235.0,3380.0,3385.0,3010.0,148343.0,942.0
951,2020.06.22,3285.0,200.0,3480.0,3480.0,3150.0,238797.0,943.0
952,2020.06.19,3485.0,995.0,5300.0,5300.0,3355.0,972421.0,944.0
953,2020.06.18,4480.0,420.0,4300.0,5200.0,4260.0,1094142.0,945.0
954,2020.06.17,4060.0,470.0,3440.0,4090.0,3420.0,577996.0,946.0
955,2020.06.16,3590.0,235.0,3410.0,3650.0,3325.0,220460.0,947.0
956,2020.06.15,3355.0,185.0,3140.0,3725.0,3110.0,235096.0,948.0
957,2020.06.12,3170.0,115.0,3000.0,3490.0,3000.0,169343.0,949.0
958,2020.06.11,3285.0,255.0,3620.0,3620.0,3260.0,143101.0,950.0
959,2020.06.10,3540.0,300.0,3200.0,3800.0,3200.0,685162.0,951.0
960,2020.06.09,3240.0,20.0,3220.0,3430.0,3190.0,152346.0,952.0
961,2020.06.08,3220.0,95.0,3145.0,3220.0,3120.0,59410.0,953.0
962,2020.06.05,3125.0,30.0,3125.0,3190.0,3055.0,16498.0,954.0
963,2020.06.04,3095.0,25.0,3120.0,3225.0,3060.0,115204.0,955.0
964,2020.06.03,3120.0,35.0,3040.0,3120.0,3040.0,53857.0,956.0
965,2020.06.02,3085.0,55.0,3070.0,3110.0,3000.0,81552.0,957.0
966,2020.06.01,3030.0,60.0,2980.0,3245.0,2975.0,70427.0,958.0
967,2020.05.29,2970.0,50.0,2950.0,2970.0,2885.0,11152.0,959.0
968,2020.05.28,2920.0,75.0,2995.0,3060.0,2895.0,38683.0,960.0
969,2020.05.27,2995.0,5.0,3055.0,3055.0,2960.0,19630.0,961.0
970,2020.05.26,3000.0,35.0,3030.0,3060.0,2980.0,22868.0,962.0
971,2020.05.25,2965.0,40.0,3060.0,3060.0,2940.0,32835.0,963.0
972,2020.05.22,3005.0,5.0,3005.0,3055.0,2930.0,72385.0,964.0
973,2020.05.21,3000.0,60.0,2975.0,3015.0,2900.0,54478.0,965.0
974,2020.05.20,2940.0,190.0,2700.0,3040.0,2700.0,86687.0,966.0
975,2020.05.19,2750.0,35.0,2720.0,2750.0,2690.0,14186.0,967.0
976,2020.05.18,2715.0,30.0,2760.0,2840.0,2670.0,11947.0,968.0
977,2020.05.15,2745.0,55.0,2805.0,2830.0,2745.0,7835.0,969.0
978,2020.05.14,2800.0,0.0,2790.0,2860.0,2755.0,24848.0,970.0
979,2020.05.13,2800.0,50.0,2745.0,2845.0,2745.0,14079.0,971.0
980,2020.05.12,2750.0,60.0,2820.0,2850.0,2750.0,18102.0,972.0
981,2020.05.11,2810.0,85.0,2880.0,2915.0,2750.0,23500.0,973.0
982,2020.05.08,2895.0,0.0,2985.0,2985.0,2850.0,22961.0,974.0
983,2020.05.07,2895.0,15.0,2880.0,3020.0,2790.0,52943.0,975.0
984,2020.05.06,2880.0,110.0,2740.0,2955.0,2740.0,10432.0,976.0
985,2020.05.04,2770.0,100.0,2905.0,2905.0,2750.0,25235.0,977.0
986,2020.04.29,2870.0,125.0,2995.0,3035.0,2845.0,45129.0,978.0
987,2020.04.28,2995.0,215.0,2800.0,3030.0,2725.0,129694.0,979.0
988,2020.04.27,2780.0,100.0,2690.0,2830.0,2670.0,26613.0,980.0
989,2020.04.24,2680.0,130.0,2810.0,2825.0,2630.0,75722.0,981.0
990,2020.04.23,2810.0,10.0,2790.0,2905.0,2740.0,59675.0,982.0
991,2020.04.22,2800.0,115.0,2615.0,2800.0,2610.0,68478.0,983.0
992,2020.04.21,2685.0,80.0,2790.0,2885.0,2450.0,85839.0,984.0
993,2020.04.20,2765.0,145.0,2620.0,2805.0,2570.0,44341.0,985.0
994,2020.04.17,2620.0,40.0,2615.0,2660.0,2560.0,32741.0,986.0
995,2020.04.16,2660.0,70.0,2615.0,2735.0,2410.0,115994.0,987.0
996,2020.04.14,2590.0,125.0,2545.0,2595.0,2465.0,40597.0,988.0
997,2020.04.13,2465.0,5.0,2470.0,2585.0,2430.0,39067.0,989.0
998,2020.04.10,2470.0,135.0,2630.0,2630.0,2375.0,99029.0,990.0
999,2020.04.09,2605.0,15.0,2590.0,2670.0,2580.0,50431.0,991.0
1000,2020.04.08,2620.0,45.0,2675.0,2675.0,2525.0,109140.0,992.0
1001,2020.04.07,2665.0,95.0,2805.0,2900.0,2550.0,242298.0,993.0
1002,2020.04.06,2760.0,110.0,2800.0,3000.0,2750.0,208569.0,994.0
1003,2020.04.03,2870.0,25.0,2845.0,3050.0,2750.0,278606.0,995.0
1004,2020.04.02,2845.0,220.0,2610.0,3010.0,2525.0,288870.0,996.0
1005,2020.04.01,2625.0,10.0,2610.0,2830.0,2445.0,231799.0,997.0
1006,2020.03.31,2615.0,210.0,2475.0,3000.0,2360.0,565494.0,998.0
1007,2020.03.30,2405.0,535.0,1870.0,2430.0,1770.0,422188.0,999.0
1008,2020.03.27,1870.0,55.0,1830.0,1910.0,1725.0,121799.0,1000.0
1009,2020.03.26,1815.0,80.0,1735.0,1980.0,1720.0,118472.0,1001.0
1010,2020.03.25,1735.0,120.0,1750.0,1800.0,1635.0,135609.0,1002.0
1011,2020.03.24,1615.0,170.0,1445.0,1770.0,1445.0,361706.0,1003.0
1012,2020.03.23,1445.0,250.0,1600.0,1600.0,1340.0,171894.0,1004.0
1013,2020.03.20,1695.0,110.0,1575.0,1700.0,1540.0,47512.0,1005.0
1014,2020.03.19,1585.0,245.0,1795.0,1935.0,1450.0,40563.0,1006.0
1015,2020.03.18,1830.0,130.0,1910.0,2040.0,1830.0,75880.0,1007.0
1016,2020.03.17,1960.0,65.0,1740.0,2105.0,1740.0,240197.0,1008.0
1017,2020.03.16,2025.0,65.0,2190.0,2320.0,2025.0,37481.0,1009.0
1018,2020.03.13,2090.0,95.0,1820.0,2100.0,1820.0,44248.0,1010.0
1019,2020.03.12,2185.0,275.0,2460.0,2460.0,2100.0,62450.0,1011.0
1020,2020.03.11,2460.0,140.0,2565.0,2625.0,2455.0,37067.0,1012.0
1021,2020.03.10,2600.0,10.0,2455.0,2625.0,2455.0,16418.0,1013.0
1022,2020.03.09,2590.0,140.0,2680.0,2695.0,2560.0,43219.0,1014.0
1023,2020.03.06,2730.0,10.0,2705.0,2810.0,2695.0,44316.0,1015.0
1024,2020.03.05,2740.0,15.0,2815.0,2830.0,2715.0,68857.0,1016.0
1025,2020.03.04,2725.0,95.0,2585.0,2855.0,2585.0,80357.0,1017.0
1026,2020.03.03,2630.0,30.0,2635.0,2735.0,2525.0,31812.0,1018.0
1027,2020.03.02,2600.0,55.0,2635.0,2635.0,2525.0,12535.0,1019.0
1028,2020.02.28,2545.0,200.0,2760.0,2800.0,2545.0,45181.0,1020.0
1029,2020.02.27,2745.0,15.0,2760.0,2855.0,2665.0,33963.0,1021.0
1030,2020.02.26,2760.0,80.0,2670.0,2805.0,2640.0,52138.0,1022.0
1031,2020.02.25,2680.0,35.0,2695.0,2760.0,2600.0,49354.0,1023.0
1032,2020.02.24,2645.0,100.0,2745.0,2745.0,2605.0,41382.0,1024.0
1033,2020.02.21,2745.0,125.0,2870.0,2870.0,2720.0,37821.0,1025.0
1034,2020.02.20,2870.0,135.0,3005.0,3005.0,2830.0,30813.0,1026.0
1035,2020.02.19,3005.0,35.0,3055.0,3075.0,2920.0,40770.0,1027.0
1036,2020.02.18,3040.0,0.0,3040.0,3065.0,2995.0,38305.0,1028.0
1037,2020.02.17,3040.0,10.0,3000.0,3090.0,2975.0,23066.0,1029.0
1038,2020.02.14,3030.0,30.0,3045.0,3065.0,2990.0,70240.0,1030.0
1039,2020.02.13,3000.0,100.0,3115.0,3170.0,3000.0,81740.0,1031.0
1040,2020.02.12,3100.0,70.0,3295.0,3295.0,3065.0,126094.0,1032.0
1041,2020.02.11,3170.0,70.0,3140.0,3310.0,3050.0,280135.0,1033.0
1042,2020.02.10,3100.0,80.0,3020.0,3320.0,2950.0,458426.0,1034.0
1043,2020.02.07,3020.0,240.0,2780.0,3580.0,2755.0,2138383.0,1035.0
1044,2020.02.06,2780.0,15.0,2795.0,2890.0,2675.0,201219.0,1036.0
1045,2020.02.05,2795.0,225.0,2580.0,3340.0,2555.0,1625752.0,1037.0
1046,2020.02.04,2570.0,60.0,2650.0,2650.0,2520.0,14888.0,1038.0
1047,2020.02.03,2510.0,25.0,2365.0,2635.0,2365.0,55908.0,1039.0
1048,2020.01.31,2535.0,35.0,2500.0,2700.0,2500.0,47760.0,1040.0
1049,2020.01.30,2500.0,65.0,2595.0,2600.0,2490.0,15648.0,1041.0
1050,2020.01.29,2565.0,45.0,2525.0,2685.0,2520.0,38520.0,1042.0
1051,2020.01.28,2520.0,110.0,2615.0,2640.0,2455.0,35087.0,1043.0
1052,2020.01.23,2630.0,10.0,2660.0,2660.0,2600.0,12528.0,1044.0
1053,2020.01.22,2640.0,10.0,2655.0,2670.0,2615.0,15274.0,1045.0
1054,2020.01.21,2650.0,25.0,2645.0,2695.0,2630.0,10673.0,1046.0
1055,2020.01.20,2675.0,40.0,2715.0,2720.0,2650.0,5553.0,1047.0
1056,2020.01.17,2715.0,35.0,2660.0,2720.0,2655.0,6290.0,1048.0
1057,2020.01.16,2680.0,45.0,2730.0,2745.0,2655.0,13626.0,1049.0
1058,2020.01.15,2725.0,40.0,2730.0,2730.0,2660.0,14742.0,1050.0
1059,2020.01.14,2685.0,30.0,2715.0,2775.0,2650.0,8601.0,1051.0
1060,2020.01.13,2715.0,80.0,2615.0,2755.0,2615.0,23517.0,1052.0
1061,2020.01.10,2635.0,45.0,2735.0,2735.0,2615.0,19181.0,1053.0
1062,2020.01.09,2680.0,95.0,2655.0,2730.0,2610.0,28207.0,1054.0
1063,2020.01.08,2585.0,70.0,2660.0,2680.0,2570.0,11250.0,1055.0
1064,2020.01.07,2655.0,25.0,2680.0,2700.0,2625.0,15284.0,1056.0
1065,2020.01.06,2680.0,135.0,2795.0,2815.0,2640.0,40033.0,1057.0
1066,2020.01.03,2815.0,30.0,2845.0,2850.0,2655.0,9178.0,1058.0
1067,2020.01.02,2845.0,15.0,2865.0,2865.0,2790.0,3133.0,1059.0
1068,2019.12.30,2860.0,15.0,2600.0,2860.0,2600.0,5755.0,1060.0
1069,2019.12.27,2875.0,20.0,2870.0,2885.0,2865.0,2477.0,1061.0
1070,2019.12.26,2855.0,0.0,2855.0,2900.0,2830.0,6513.0,1062.0
1071,2019.12.24,2855.0,60.0,2915.0,2915.0,2855.0,1143.0,1063.0
1072,2019.12.23,2915.0,0.0,2910.0,2920.0,2865.0,1199.0,1064.0
1073,2019.12.20,2915.0,20.0,2855.0,2925.0,2855.0,9008.0,1065.0
1074,2019.12.19,2895.0,25.0,2920.0,2950.0,2895.0,9903.0,1066.0
1075,2019.12.18,2920.0,60.0,2965.0,2965.0,2905.0,5548.0,1067.0
1076,2019.12.17,2980.0,20.0,2960.0,3010.0,2895.0,17688.0,1068.0
1077,2019.12.16,2960.0,15.0,2945.0,2965.0,2925.0,4425.0,1069.0
1078,2019.12.13,2945.0,5.0,2945.0,2995.0,2900.0,19733.0,1070.0
1079,2019.12.12,2940.0,30.0,2910.0,2995.0,2900.0,3477.0,1071.0
1080,2019.12.11,2910.0,65.0,2970.0,2970.0,2870.0,7331.0,1072.0
1081,2019.12.10,2975.0,50.0,3025.0,3025.0,2930.0,14000.0,1073.0
1082,2019.12.09,3025.0,40.0,3080.0,3080.0,2930.0,12072.0,1074.0
1083,2019.12.06,3065.0,35.0,3090.0,3095.0,2985.0,23484.0,1075.0
1084,2019.12.05,3030.0,40.0,2995.0,3260.0,2955.0,194225.0,1076.0
1085,2019.12.04,2990.0,60.0,3050.0,3070.0,2915.0,9604.0,1077.0
1086,2019.12.03,3050.0,10.0,3040.0,3200.0,2960.0,5962.0,1078.0
1087,2019.12.02,3040.0,10.0,3070.0,3115.0,2955.0,6772.0,1079.0
1088,2019.11.29,3030.0,10.0,3050.0,3150.0,2955.0,8324.0,1080.0
1089,2019.11.28,3040.0,10.0,3050.0,3080.0,2960.0,7839.0,1081.0
1090,2019.11.27,3030.0,15.0,3020.0,3150.0,2990.0,2674.0,1082.0
1091,2019.11.26,3015.0,20.0,3060.0,3085.0,3000.0,3728.0,1083.0
1092,2019.11.25,3035.0,55.0,3005.0,3080.0,3005.0,446.0,1084.0
1093,2019.11.22,2980.0,5.0,2995.0,3045.0,2960.0,2394.0,1085.0
1094,2019.11.21,2975.0,145.0,3125.0,3135.0,2965.0,6199.0,1086.0
1095,2019.11.20,3120.0,5.0,3125.0,3180.0,3065.0,519.0,1087.0
1096,2019.11.19,3125.0,35.0,3165.0,3235.0,3045.0,4794.0,1088.0
1097,2019.11.18,3160.0,55.0,3155.0,3170.0,3060.0,8171.0,1089.0
1098,2019.11.15,3105.0,15.0,3090.0,3135.0,3065.0,1717.0,1090.0
1099,2019.11.14,3120.0,0.0,3100.0,3130.0,3070.0,1954.0,1091.0
1100,2019.11.13,3120.0,15.0,3135.0,3240.0,3085.0,9226.0,1092.0
1101,2019.11.12,3135.0,20.0,3160.0,3180.0,3050.0,1309.0,1093.0
1102,2019.11.11,3155.0,25.0,3140.0,3165.0,3080.0,3493.0,1094.0
1103,2019.11.08,3130.0,30.0,3100.0,3175.0,3070.0,4663.0,1095.0
1104,2019.11.07,3100.0,25.0,3075.0,3110.0,3030.0,6640.0,1096.0
1105,2019.11.06,3075.0,90.0,3010.0,3075.0,3005.0,9740.0,1097.0
1106,2019.11.05,2985.0,10.0,2990.0,3290.0,2950.0,28815.0,1098.0
1107,2019.11.04,2995.0,5.0,3000.0,3000.0,2925.0,3441.0,1099.0
1108,2019.11.01,2990.0,15.0,3025.0,3030.0,2900.0,2007.0,1100.0
1109,2019.10.31,3005.0,15.0,3030.0,3030.0,2970.0,393.0,1101.0
1110,2019.10.30,3020.0,40.0,3020.0,3050.0,2970.0,7613.0,1102.0
1111,2019.10.29,2980.0,140.0,3120.0,3145.0,2980.0,6865.0,1103.0
1112,2019.10.28,3120.0,120.0,3035.0,3195.0,3005.0,5222.0,1104.0
1113,2019.10.25,3000.0,35.0,2965.0,3075.0,2850.0,12521.0,1105.0
1114,2019.10.24,2965.0,50.0,2925.0,2970.0,2910.0,428.0,1106.0
1115,2019.10.23,2915.0,40.0,2970.0,2990.0,2875.0,5350.0,1107.0
1116,2019.10.22,2955.0,10.0,2915.0,2985.0,2910.0,4484.0,1108.0
1117,2019.10.21,2945.0,40.0,2990.0,2995.0,2910.0,3186.0,1109.0
1118,2019.10.18,2985.0,15.0,3000.0,3015.0,2950.0,1393.0,1110.0
1119,2019.10.17,3000.0,25.0,2965.0,3025.0,2940.0,918.0,1111.0
1120,2019.10.16,3025.0,10.0,3020.0,3030.0,3000.0,741.0,1112.0
1121,2019.10.15,3015.0,40.0,3060.0,3080.0,2905.0,3467.0,1113.0
1122,2019.10.14,3055.0,65.0,2935.0,3055.0,2935.0,6076.0,1114.0
1123,2019.10.11,2990.0,20.0,3000.0,3005.0,2955.0,1610.0,1115.0
1124,2019.10.10,2970.0,5.0,2970.0,2990.0,2920.0,1463.0,1116.0
1125,2019.10.08,2975.0,10.0,3020.0,3020.0,2930.0,5157.0,1117.0
1126,2019.10.07,2965.0,295.0,3255.0,3255.0,2960.0,22470.0,1118.0
1127,2019.10.04,3260.0,15.0,3285.0,3305.0,3185.0,3737.0,1119.0
1128,2019.10.02,3275.0,35.0,3270.0,3335.0,3185.0,11987.0,1120.0
1129,2019.10.01,3240.0,70.0,3305.0,3320.0,3215.0,8947.0,1121.0
1130,2019.09.30,3310.0,5.0,3310.0,3310.0,3200.0,7500.0,1122.0
1131,2019.09.27,3305.0,0.0,3315.0,3330.0,3175.0,6663.0,1123.0
1132,2019.09.26,3305.0,45.0,3260.0,3335.0,3240.0,11689.0,1124.0
1133,2019.09.25,3260.0,55.0,3290.0,3320.0,3175.0,5266.0,1125.0
1134,2019.09.24,3315.0,75.0,3350.0,3350.0,3255.0,9366.0,1126.0
1135,2019.09.23,3390.0,0.0,3400.0,3450.0,3325.0,8327.0,1127.0
1136,2019.09.20,3390.0,35.0,3360.0,3390.0,3305.0,15696.0,1128.0
1137,2019.09.19,3355.0,65.0,3425.0,3440.0,3215.0,17659.0,1129.0
1138,2019.09.18,3420.0,50.0,3375.0,3525.0,3200.0,104782.0,1130.0
1139,2019.09.17,3370.0,20.0,3330.0,3405.0,3250.0,14375.0,1131.0
1140,2019.09.16,3350.0,170.0,3185.0,3385.0,3185.0,50026.0,1132.0
1141,2019.09.11,3180.0,15.0,3105.0,3205.0,3055.0,37207.0,1133.0
1142,2019.09.10,3165.0,175.0,3005.0,3305.0,3000.0,83471.0,1134.0
1143,2019.09.09,2990.0,60.0,3060.0,3060.0,2925.0,5753.0,1135.0
1144,2019.09.06,3050.0,85.0,2975.0,3500.0,2900.0,89146.0,1136.0
1145,2019.09.05,2965.0,45.0,2920.0,2990.0,2880.0,5166.0,1137.0
1146,2019.09.04,2920.0,25.0,2855.0,2920.0,2845.0,6665.0,1138.0
1147,2019.09.03,2895.0,75.0,2820.0,2915.0,2820.0,2344.0,1139.0
1148,2019.09.02,2820.0,35.0,2770.0,2840.0,2770.0,3352.0,1140.0
1149,2019.08.30,2785.0,10.0,2800.0,2830.0,2730.0,2070.0,1141.0
1150,2019.08.29,2775.0,10.0,2750.0,2820.0,2725.0,1293.0,1142.0
1151,2019.08.28,2765.0,10.0,2780.0,2780.0,2725.0,840.0,1143.0
1152,2019.08.27,2775.0,50.0,2750.0,2810.0,2740.0,2402.0,1144.0
1153,2019.08.26,2725.0,145.0,2860.0,2860.0,2725.0,5533.0,1145.0
1154,2019.08.23,2870.0,20.0,2890.0,2930.0,2800.0,3962.0,1146.0
1155,2019.08.22,2890.0,30.0,2920.0,2920.0,2820.0,18951.0,1147.0
1156,2019.08.21,2920.0,30.0,2935.0,2935.0,2870.0,2809.0,1148.0
1157,2019.08.20,2890.0,0.0,2890.0,3055.0,2850.0,14622.0,1149.0
1158,2019.08.19,2890.0,40.0,2840.0,2960.0,2805.0,15003.0,1150.0
1159,2019.08.16,2850.0,20.0,2870.0,2870.0,2750.0,6216.0,1151.0
1160,2019.08.14,2870.0,45.0,2850.0,2900.0,2815.0,7755.0,1152.0
1161,2019.08.13,2825.0,15.0,2835.0,2870.0,2755.0,8229.0,1153.0
1162,2019.08.12,2810.0,55.0,2760.0,2870.0,2740.0,23937.0,1154.0
1163,2019.08.09,2755.0,10.0,2695.0,2780.0,2695.0,10681.0,1155.0
1164,2019.08.08,2765.0,80.0,2605.0,2800.0,2605.0,9398.0,1156.0
1165,2019.08.07,2685.0,160.0,2525.0,2755.0,2525.0,14092.0,1157.0
1166,2019.08.06,2525.0,65.0,2230.0,2665.0,2230.0,18584.0,1158.0
1167,2019.08.05,2460.0,235.0,2695.0,2740.0,2430.0,7231.0,1159.0
1168,2019.08.02,2695.0,55.0,2715.0,2740.0,2600.0,6680.0,1160.0
1169,2019.08.01,2750.0,5.0,2795.0,2795.0,2715.0,2731.0,1161.0
1170,2019.07.31,2745.0,40.0,2790.0,2800.0,2660.0,19787.0,1162.0
1171,2019.07.30,2705.0,75.0,2500.0,2750.0,2500.0,26452.0,1163.0
1172,2019.07.29,2630.0,260.0,2890.0,2990.0,2555.0,33063.0,1164.0
1173,2019.07.26,2890.0,95.0,3040.0,3045.0,2815.0,33973.0,1165.0
1174,2019.07.25,2985.0,75.0,3000.0,3105.0,2880.0,16204.0,1166.0
1175,2019.07.24,3060.0,0.0,3075.0,3085.0,3010.0,4275.0,1167.0
1176,2019.07.23,3060.0,60.0,3030.0,3110.0,3005.0,49229.0,1168.0
1177,2019.07.22,3120.0,30.0,3150.0,3170.0,3120.0,4420.0,1169.0
1178,2019.07.19,3150.0,20.0,3150.0,3200.0,3080.0,9225.0,1170.0
1179,2019.07.18,3170.0,10.0,3190.0,3190.0,3110.0,3594.0,1171.0
1180,2019.07.17,3160.0,115.0,3250.0,3270.0,3130.0,9224.0,1172.0
1181,2019.07.16,3275.0,50.0,3330.0,3330.0,3250.0,1668.0,1173.0
1182,2019.07.15,3325.0,60.0,3300.0,3335.0,3250.0,2004.0,1174.0
1183,2019.07.12,3265.0,15.0,3245.0,3270.0,3215.0,2603.0,1175.0
1184,2019.07.11,3250.0,10.0,3265.0,3265.0,3200.0,5926.0,1176.0
1185,2019.07.10,3240.0,30.0,3285.0,3320.0,3095.0,15479.0,1177.0
1186,2019.07.09,3210.0,30.0,3240.0,3315.0,3210.0,10992.0,1178.0
1187,2019.07.08,3240.0,145.0,3385.0,3385.0,3240.0,17343.0,1179.0
1188,2019.07.05,3385.0,25.0,3410.0,3410.0,3290.0,8969.0,1180.0
1189,2019.07.04,3410.0,45.0,3390.0,3485.0,3355.0,14074.0,1181.0
1190,2019.07.03,3365.0,55.0,3400.0,3415.0,3315.0,24432.0,1182.0
1191,2019.07.02,3420.0,30.0,3450.0,3450.0,3360.0,12169.0,1183.0
1192,2019.07.01,3450.0,65.0,3425.0,3525.0,3410.0,26413.0,1184.0
1193,2019.06.28,3385.0,10.0,3380.0,3405.0,3340.0,13298.0,1185.0
1194,2019.06.27,3395.0,10.0,3400.0,3435.0,3360.0,3478.0,1186.0
1195,2019.06.26,3405.0,30.0,3435.0,3445.0,3345.0,9524.0,1187.0
1196,2019.06.25,3435.0,45.0,3465.0,3495.0,3370.0,7435.0,1188.0
1197,2019.06.24,3480.0,65.0,3415.0,3485.0,3415.0,20076.0,1189.0
1198,2019.06.21,3415.0,20.0,3435.0,3460.0,3385.0,3176.0,1190.0
1199,2019.06.20,3435.0,25.0,3475.0,3475.0,3395.0,13425.0,1191.0
1200,2019.06.19,3460.0,65.0,3395.0,3500.0,3370.0,19812.0,1192.0
1201,2019.06.18,3395.0,10.0,3400.0,3430.0,3365.0,6185.0,1193.0
1202,2019.06.17,3405.0,45.0,3460.0,3470.0,3405.0,1125.0,1194.0
1203,2019.06.14,3450.0,0.0,3455.0,3460.0,3410.0,10456.0,1195.0
1204,2019.06.13,3450.0,0.0,3445.0,3475.0,3380.0,9328.0,1196.0
1205,2019.06.12,3450.0,5.0,3460.0,3545.0,3420.0,21230.0,1197.0
1206,2019.06.11,3445.0,95.0,3330.0,3450.0,3330.0,36861.0,1198.0
1207,2019.06.10,3350.0,65.0,3250.0,3395.0,3250.0,9847.0,1199.0
1208,2019.06.07,3285.0,10.0,3270.0,3350.0,3250.0,16080.0,1200.0
1209,2019.06.05,3275.0,5.0,3280.0,3300.0,3210.0,6000.0,1201.0
1210,2019.06.04,3270.0,15.0,3285.0,3335.0,3140.0,26359.0,1202.0
1211,2019.06.03,3285.0,50.0,3360.0,3360.0,3260.0,2885.0,1203.0
1212,2019.05.31,3335.0,50.0,3290.0,3370.0,3250.0,18719.0,1204.0
1213,2019.05.30,3285.0,10.0,3295.0,3340.0,3240.0,15952.0,1205.0
1214,2019.05.29,3295.0,35.0,3335.0,3395.0,3255.0,16356.0,1206.0
1215,2019.05.28,3330.0,40.0,3295.0,3385.0,3275.0,27715.0,1207.0
1216,2019.05.27,3290.0,20.0,3315.0,3320.0,3240.0,7981.0,1208.0
1217,2019.05.24,3310.0,130.0,3440.0,3445.0,3265.0,41394.0,1209.0
1218,2019.05.23,3440.0,115.0,3565.0,3565.0,3410.0,10012.0,1210.0
1219,2019.05.22,3555.0,20.0,3495.0,3575.0,3495.0,12089.0,1211.0
1220,2019.05.21,3535.0,40.0,3495.0,3595.0,3475.0,27121.0,1212.0
1221,2019.05.20,3575.0,105.0,3610.0,3925.0,3500.0,135520.0,1213.0
1222,2019.05.17,3470.0,25.0,3460.0,3495.0,3395.0,28254.0,1214.0
1223,2019.05.16,3445.0,50.0,3405.0,3470.0,3375.0,17696.0,1215.0
1224,2019.05.15,3395.0,25.0,3375.0,3400.0,3340.0,5892.0,1216.0
1225,2019.05.14,3370.0,60.0,3505.0,3505.0,3335.0,19074.0,1217.0
1226,2019.05.13,3430.0,80.0,3445.0,3495.0,3400.0,12823.0,1218.0
1227,2019.05.10,3510.0,5.0,3550.0,3570.0,3460.0,11583.0,1219.0
1228,2019.05.09,3515.0,125.0,3585.0,3635.0,3510.0,23741.0,1220.0
1229,2019.05.08,3640.0,110.0,3550.0,3645.0,3510.0,25763.0,1221.0
1230,2019.05.07,3530.0,80.0,3575.0,3605.0,3525.0,13669.0,1222.0
1231,2019.05.03,3610.0,20.0,3590.0,3625.0,3565.0,18341.0,1223.0
1232,2019.05.02,3590.0,20.0,3535.0,3605.0,3530.0,32205.0,1224.0
1233,2019.04.30,3570.0,70.0,3500.0,3575.0,3490.0,30542.0,1225.0
1234,2019.04.29,3500.0,95.0,3605.0,3605.0,3455.0,14238.0,1226.0
1235,2019.04.26,3595.0,80.0,3675.0,3690.0,3560.0,22466.0,1227.0
1236,2019.04.25,3675.0,15.0,3685.0,3695.0,3610.0,28148.0,1228.0
1237,2019.04.24,3690.0,20.0,3710.0,3745.0,3650.0,15161.0,1229.0
1238,2019.04.23,3710.0,50.0,3670.0,3745.0,3645.0,48692.0,1230.0
1239,2019.04.22,3660.0,35.0,3695.0,3695.0,3600.0,33721.0,1231.0
1240,2019.04.19,3625.0,65.0,3590.0,3690.0,3530.0,51404.0,1232.0
1241,2019.04.18,3560.0,80.0,3695.0,3695.0,3510.0,35405.0,1233.0
1242,2019.04.17,3640.0,60.0,3570.0,3730.0,3565.0,114782.0,1234.0
1243,2019.04.16,3580.0,40.0,3505.0,3640.0,3455.0,52372.0,1235.0
1244,2019.04.15,3540.0,5.0,3550.0,3560.0,3485.0,51926.0,1236.0
1245,2019.04.12,3535.0,15.0,3510.0,3535.0,3420.0,67975.0,1237.0
1246,2019.04.11,3550.0,60.0,3495.0,3575.0,3490.0,38773.0,1238.0
1247,2019.04.10,3490.0,0.0,3495.0,3495.0,3450.0,6412.0,1239.0
1248,2019.04.09,3490.0,10.0,3480.0,3490.0,3400.0,12430.0,1240.0
1249,2019.04.08,3480.0,30.0,3550.0,3550.0,3420.0,13727.0,1241.0
1250,2019.04.05,3450.0,25.0,3460.0,3470.0,3425.0,4690.0,1242.0
1251,2019.04.04,3425.0,40.0,3570.0,3570.0,3405.0,11213.0,1243.0
1252,2019.04.03,3465.0,45.0,3420.0,3470.0,3405.0,16218.0,1244.0
1253,2019.04.02,3420.0,30.0,3380.0,3475.0,3380.0,9566.0,1245.0
1254,2019.04.01,3390.0,0.0,3415.0,3455.0,3320.0,8288.0,1246.0
1255,2019.03.29,3390.0,90.0,3350.0,3405.0,3240.0,34764.0,1247.0
1256,2019.03.28,3300.0,40.0,3315.0,3390.0,3270.0,6258.0,1248.0
1257,2019.03.27,3340.0,20.0,3405.0,3425.0,3290.0,13409.0,1249.0
1258,2019.03.26,3360.0,5.0,3305.0,3480.0,3300.0,12076.0,1250.0
1259,2019.03.25,3355.0,60.0,3380.0,3480.0,3330.0,10463.0,1251.0
1260,2019.03.22,3415.0,10.0,3490.0,3490.0,3335.0,12660.0,1252.0
1261,2019.03.21,3425.0,55.0,3430.0,3540.0,3380.0,36071.0,1253.0
1262,2019.03.20,3370.0,60.0,3490.0,3490.0,3330.0,10997.0,1254.0
1263,2019.03.19,3430.0,80.0,3415.0,3485.0,3390.0,14463.0,1255.0
1264,2019.03.18,3350.0,70.0,3280.0,3445.0,3280.0,19327.0,1256.0
1265,2019.03.15,3280.0,90.0,3415.0,3475.0,3250.0,55108.0,1257.0
1266,2019.03.14,3370.0,15.0,3355.0,3430.0,3355.0,4149.0,1258.0
1267,2019.03.13,3385.0,15.0,3365.0,3480.0,3365.0,5132.0,1259.0
1268,2019.03.12,3400.0,130.0,3315.0,3485.0,3315.0,22927.0,1260.0
1269,2019.03.11,3270.0,80.0,3415.0,3415.0,3250.0,27585.0,1261.0
1270,2019.03.08,3350.0,45.0,3290.0,3450.0,3240.0,65718.0,1262.0
1271,2019.03.07,3305.0,260.0,3585.0,3585.0,3230.0,85748.0,1263.0
1272,2019.03.06,3565.0,65.0,3625.0,3695.0,3500.0,30877.0,1264.0
1273,2019.03.05,3630.0,185.0,3445.0,3640.0,3405.0,58006.0,1265.0
1274,2019.03.04,3445.0,60.0,3355.0,3520.0,3300.0,74763.0,1266.0
1275,2019.02.28,3505.0,595.0,4115.0,4120.0,3400.0,64646.0,1267.0
1276,2019.02.27,4100.0,45.0,4145.0,4215.0,4000.0,29082.0,1268.0
1277,2019.02.26,4145.0,20.0,4140.0,4225.0,4095.0,22176.0,1269.0
1278,2019.02.25,4125.0,115.0,4240.0,4240.0,4060.0,33118.0,1270.0
1279,2019.02.22,4240.0,15.0,4225.0,4300.0,4200.0,18706.0,1271.0
1280,2019.02.21,4225.0,15.0,4245.0,4290.0,4145.0,54272.0,1272.0
1281,2019.02.20,4240.0,80.0,4340.0,4435.0,4225.0,91169.0,1273.0
1282,2019.02.19,4320.0,45.0,4550.0,4550.0,4265.0,69083.0,1274.0
1283,2019.02.18,4365.0,165.0,4210.0,4365.0,4190.0,28460.0,1275.0
1284,2019.02.15,4200.0,5.0,4230.0,4265.0,4125.0,23307.0,1276.0
1285,2019.02.14,4205.0,90.0,4295.0,4325.0,4180.0,34653.0,1277.0
1286,2019.02.13,4295.0,30.0,4265.0,4385.0,4230.0,12767.0,1278.0
1287,2019.02.12,4265.0,115.0,4380.0,4420.0,4215.0,39445.0,1279.0
1288,2019.02.11,4380.0,195.0,4600.0,4600.0,4355.0,39121.0,1280.0
1289,2019.02.08,4575.0,85.0,4670.0,4800.0,4455.0,89185.0,1281.0
1290,2019.02.07,4660.0,125.0,4640.0,4765.0,4535.0,153343.0,1282.0
1291,2019.02.01,4535.0,325.0,4245.0,4635.0,4155.0,250672.0,1283.0
1292,2019.01.31,4210.0,5.0,4300.0,4300.0,4150.0,37199.0,1284.0
1293,2019.01.30,4205.0,180.0,4050.0,4275.0,4045.0,70887.0,1285.0
1294,2019.01.29,4025.0,110.0,4130.0,4130.0,4000.0,35507.0,1286.0
1295,2019.01.28,4135.0,10.0,4140.0,4175.0,4035.0,33699.0,1287.0
1296,2019.01.25,4125.0,50.0,4150.0,4210.0,4075.0,44102.0,1288.0
1297,2019.01.24,4175.0,45.0,4215.0,4485.0,4125.0,122047.0,1289.0
1298,2019.01.23,4130.0,65.0,4060.0,4350.0,4020.0,70421.0,1290.0
1299,2019.01.22,4065.0,105.0,3980.0,4105.0,3885.0,44704.0,1291.0
1300,2019.01.21,3960.0,230.0,4195.0,4205.0,3950.0,77684.0,1292.0
1301,2019.01.18,4190.0,20.0,4105.0,4275.0,4090.0,56295.0,1293.0
1302,2019.01.17,4170.0,50.0,4185.0,4280.0,4050.0,55533.0,1294.0
1303,2019.01.16,4220.0,20.0,4190.0,4350.0,4170.0,115480.0,1295.0
1304,2019.01.15,4200.0,150.0,4125.0,4345.0,4115.0,143303.0,1296.0
1305,2019.01.14,4050.0,30.0,4095.0,4095.0,3950.0,48812.0,1297.0
1306,2019.01.11,4020.0,0.0,4025.0,4110.0,3970.0,82090.0,1298.0
1307,2019.01.10,4020.0,50.0,4190.0,4385.0,3930.0,371067.0,1299.0
1308,2019.01.09,4070.0,335.0,3750.0,4390.0,3745.0,666360.0,1300.0
1309,2019.01.08,3735.0,80.0,3705.0,3780.0,3590.0,40816.0,1301.0
1310,2019.01.07,3655.0,30.0,3830.0,3830.0,3545.0,31111.0,1302.0
1311,2019.01.04,3625.0,75.0,3680.0,3825.0,3625.0,12592.0,1303.0
1312,2019.01.03,3700.0,60.0,3780.0,3885.0,3535.0,47835.0,1304.0
1313,2019.01.02,3640.0,45.0,3760.0,3785.0,3615.0,8948.0,1305.0
1314,2018.12.28,3685.0,10.0,3675.0,3725.0,3620.0,9076.0,1306.0
1315,2018.12.27,3675.0,75.0,3615.0,3785.0,3615.0,4171.0,1307.0
1316,2018.12.26,3600.0,170.0,3660.0,3755.0,3555.0,12583.0,1308.0
1317,2018.12.24,3770.0,5.0,3680.0,3785.0,3605.0,19970.0,1309.0
